Date, 
1 August 2014,2279
2 August 2014,1440
3 August 2014,1186
4 August 2014,2129
5 August 2014,2335
6 August 2014,2184
7 August 2014,1845
8 August 2014,2175
9 August 2014,1296
10 August 2014,1171
11 August 2014,1713
12 August 2014,2123
13 August 2014,1241
14 August 2014,1612
15 August 2014,1256
16 August 2014,1133
17 August 2014,1140
18 August 2014,1609
19 August 2014,1845
20 August 2014,1868
21 August 2014,1923
22 August 2014,1693
23 August 2014,967
24 August 2014,994
25 August 2014,1529
26 August 2014,1230
27 August 2014,1439
28 August 2014,2015
29 August 2014,1317
30 August 2014,1278
31 August 2014,543
1 September 2014,1634
2 September 2014,1870
3 September 2014,1715
4 September 2014,1936
5 September 2014,1766
6 September 2014,1305
7 September 2014,1310
8 September 2014,2095
9 September 2014,2064
10 September 2014,2050
11 September 2014,1952
12 September 2014,1297
13 September 2014,1043
14 September 2014,1159
15 September 2014,2474
16 September 2014,2955
17 September 2014,2937
18 September 2014,2382
19 September 2014,1197
20 September 2014,1445
21 September 2014,608
22 September 2014,1958
23 September 2014,2234
24 September 2014,1923
25 September 2014,2020
26 September 2014,2137
27 September 2014,1518
28 September 2014,1341
29 September 2014,2403
30 September 2014,2028
1 October 2014,2186
2 October 2014,2188
3 October 2014,1230
4 October 2014,1256
5 October 2014,956
6 October 2014,2090
7 October 2014,1716
8 October 2014,2013
9 October 2014,2274
10 October 2014,1706
11 October 2014,1069
12 October 2014,1042
13 October 2014,1867
14 October 2014,2459
15 October 2014,2061
16 October 2014,1958
17 October 2014,1996
18 October 2014,1659
19 October 2014,1505
20 October 2014,2236
21 October 2014,1922
22 October 2014,1808
23 October 2014,2098
24 October 2014,2153
25 October 2014,1132
26 October 2014,1075
27 October 2014,1840
28 October 2014,2012
29 October 2014,1955
30 October 2014,1956
31 October 2014,1838
1 November 2014,1158
2 November 2014,1181
3 November 2014,2038
4 November 2014,2132
5 November 2014,1313
6 November 2014,2022
7 November 2014,1850
8 November 2014,1185
9 November 2014,864
10 November 2014,1686
11 November 2014,1945
12 November 2014,1817
13 November 2014,1867
14 November 2014,1858
15 November 2014,758
16 November 2014,670
17 November 2014,1667
18 November 2014,1857
19 November 2014,1883
20 November 2014,1778
21 November 2014,1652
22 November 2014,1025
23 November 2014,804
24 November 2014,1909
25 November 2014,1918
26 November 2014,1971
27 November 2014,1869
28 November 2014,1847
29 November 2014,900
30 November 2014,560
1 December 2014,1584
2 December 2014,1762
3 December 2014,1771
4 December 2014,1743
5 December 2014,1636
6 December 2014,661
7 December 2014,564
8 December 2014,1590
9 December 2014,1503
10 December 2014,1586
11 December 2014,1564
12 December 2014,1558
13 December 2014,952
14 December 2014,676
15 December 2014,1675
16 December 2014,1701
17 December 2014,1507
18 December 2014,1433
19 December 2014,1471
20 December 2014,809
21 December 2014,587
22 December 2014,1167
23 December 2014,1056
24 December 2014,530
25 December 2014,326
26 December 2014,330
27 December 2014,330
28 December 2014,218
29 December 2014,315
30 December 2014,325
31 December 2014,274
1 January 2015,201
2 January 2015,403
3 January 2015,377
4 January 2015,491
5 January 2015,922
6 January 2015,557
7 January 2015,1429
8 January 2015,1521
9 January 2015,1378
10 January 2015,758
11 January 2015,576
12 January 2015,1612
13 January 2015,1916
14 January 2015,1446
15 January 2015,1760
16 January 2015,1220
17 January 2015,521
18 January 2015,654
19 January 2015,1509
20 January 2015,1255
21 January 2015,1510
22 January 2015,1542
23 January 2015,1410
24 January 2015,687
25 January 2015,533
26 January 2015,1288
27 January 2015,1414
28 January 2015,1475
29 January 2015,1443
30 January 2015,1273
31 January 2015,730
1 February 2015,536
2 February 2015,1379
3 February 2015,1426
4 February 2015,1606
5 February 2015,1447
6 February 2015,1362
7 February 2015,708
8 February 2015,356
9 February 2015,1349
10 February 2015,1626
11 February 2015,1653
12 February 2015,1527
13 February 2015,1280
14 February 2015,755
15 February 2015,448
16 February 2015,1078
17 February 2015,1226
18 February 2015,1389
19 February 2015,1380
20 February 2015,1432
21 February 2015,489
22 February 2015,539
23 February 2015,1232
24 February 2015,1607
25 February 2015,1639
26 February 2015,1855
27 February 2015,1089
28 February 2015,851
1 March 2015,602
2 March 2015,1627
3 March 2015,1837
4 March 2015,1571
5 March 2015,1717
6 March 2015,1698
7 March 2015,1015
8 March 2015,1106
9 March 2015,1854
10 March 2015,1942
11 March 2015,1714
12 March 2015,1910
13 March 2015,1772
14 March 2015,1006
15 March 2015,1003
16 March 2015,1814
17 March 2015,1971
18 March 2015,1923
19 March 2015,1859
20 March 2015,1844
21 March 2015,968
22 March 2015,779
23 March 2015,1903
24 March 2015,1955
25 March 2015,1774
26 March 2015,1447
27 March 2015,1628
28 March 2015,1030
29 March 2015,610
30 March 2015,1166
31 March 2015,1182
1 April 2015,1164
2 April 2015,918
3 April 2015,685
4 April 2015,395
5 April 2015,511
6 April 2015,653
7 April 2015,1568
8 April 2015,1705
9 April 2015,1889
10 April 2015,1877
11 April 2015,718
12 April 2015,1402
13 April 2015,2253
14 April 2015,2391
15 April 2015,2570
16 April 2015,2264
17 April 2015,1131
18 April 2015,1344
19 April 2015,1582
20 April 2015,2397
21 April 2015,2632
22 April 2015,2582
23 April 2015,2719
24 April 2015,2429
25 April 2015,861
26 April 2015,1133
27 April 2015,1913
28 April 2015,1676
29 April 2015,2274
30 April 2015,1994
1 May 2015,364
2 May 2015,943
3 May 2015,510
4 May 2015,2167
5 May 2015,1998
6 May 2015,2349
7 May 2015,2654
8 May 2015,2361
9 May 2015,1337
10 May 2015,1708
11 May 2015,2667
12 May 2015,2623
13 May 2015,2499
14 May 2015,1052
15 May 2015,1000
16 May 2015,1365
17 May 2015,1348
18 May 2015,2544
19 May 2015,2129
20 May 2015,1611
21 May 2015,2267
22 May 2015,2209
23 May 2015,1321
24 May 2015,1037
25 May 2015,812
26 May 2015,1497
27 May 2015,1827
28 May 2015,1988
29 May 2015,1666
30 May 2015,1056
31 May 2015,1284
1 June 2015,1779
2 June 2015,2373
3 June 2015,2554
4 June 2015,1946
5 June 2015,2222
6 June 2015,1607
7 June 2015,1450
8 June 2015,2275
9 June 2015,2594
10 June 2015,2620
11 June 2015,2777
12 June 2015,2404
13 June 2015,1682
14 June 2015,1432
15 June 2015,1884
16 June 2015,2387
17 June 2015,2939
18 June 2015,2125
19 June 2015,2373
20 June 2015,1156
21 June 2015,1155
22 June 2015,2426
23 June 2015,2461
24 June 2015,2939
25 June 2015,2859
26 June 2015,2697
27 June 2015,1513
28 June 2015,1801
29 June 2015,2932
30 June 2015,3132
1 July 2015,3102
2 July 2015,3034
3 July 2015,2740
4 July 2015,1759
5 July 2015,1534
6 July 2015,2781
7 July 2015,2665
8 July 2015,2583
9 July 2015,2753
10 July 2015,2776
11 July 2015,1805
12 July 2015,1617
13 July 2015,2742
14 July 2015,3012
15 July 2015,3083
16 July 2015,3009
17 July 2015,2697
18 July 2015,1471
19 July 2015,1454
20 July 2015,2714
21 July 2015,2966
22 July 2015,2561
23 July 2015,2708
24 July 2015,2788
25 July 2015,1680
26 July 2015,1500
27 July 2015,2166
28 July 2015,2457
29 July 2015,2116
30 July 2015,2352
31 July 2015,2416
1 August 2015,1200
2 August 2015,1455
3 August 2015,2455
4 August 2015,2033
5 August 2015,2483
6 August 2015,2302
7 August 2015,2147
8 August 2015,1384
9 August 2015,1129
10 August 2015,1911
11 August 2015,2365
12 August 2015,2298
13 August 2015,2193
14 August 2015,1710
15 August 2015,1124
16 August 2015,718
17 August 2015,2007
18 August 2015,2079
19 August 2015,2027
20 August 2015,2115
21 August 2015,2086
22 August 2015,1428
23 August 2015,783
24 August 2015,1224
25 August 2015,2079
26 August 2015,2141
27 August 2015,2164
28 August 2015,1891
29 August 2015,1427
30 August 2015,1256
31 August 2015,2020
1 September 2015,1646
2 September 2015,1957
3 September 2015,2006
4 September 2015,1878
5 September 2015,1143
6 September 2015,884
7 September 2015,2026
8 September 2015,2166
9 September 2015,2180
10 September 2015,2210
11 September 2015,2075
12 September 2015,1359
13 September 2015,1163
14 September 2015,1990
15 September 2015,2191
16 September 2015,1828
17 September 2015,1594
18 September 2015,2130
19 September 2015,1034
20 September 2015,1304
21 September 2015,2352
22 September 2015,1997
23 September 2015,1935
24 September 2015,2384
25 September 2015,2287
26 September 2015,1394
27 September 2015,1128
28 September 2015,2302
29 September 2015,2390
30 September 2015,2429
1 October 2015,2256
2 October 2015,2202
3 October 2015,1206
4 October 2015,1155
5 October 2015,2060
6 October 2015,1979
7 October 2015,2166
8 October 2015,2197
9 October 2015,2132
10 October 2015,1237
11 October 2015,1068
12 October 2015,2258
13 October 2015,2278
14 October 2015,2138
15 October 2015,1815
16 October 2015,1846
17 October 2015,914
18 October 2015,918
19 October 2015,2191
20 October 2015,2333
21 October 2015,2374
22 October 2015,2236
23 October 2015,2048
24 October 2015,1287
25 October 2015,1192
26 October 2015,1933
27 October 2015,1950
28 October 2015,1869
29 October 2015,2007
30 October 2015,2017
31 October 2015,1125
1 November 2015,729
2 November 2015,1703
3 November 2015,1850
4 November 2015,1973
5 November 2015,2066
6 November 2015,1967
7 November 2015,1477
8 November 2015,1284
9 November 2015,2290
10 November 2015,2525
11 November 2015,2413
12 November 2015,2377
13 November 2015,2053
14 November 2015,1134
15 November 2015,871
16 November 2015,2313
17 November 2015,2123
18 November 2015,2312
19 November 2015,2138
20 November 2015,1305
21 November 2015,735
22 November 2015,542
23 November 2015,1798
24 November 2015,1931
25 November 2015,1489
26 November 2015,1670
27 November 2015,1702
28 November 2015,806
29 November 2015,579
30 November 2015,1680
1 December 2015,1780
2 December 2015,2193
3 December 2015,1972
4 December 2015,1798
5 December 2015,942
6 December 2015,967
7 December 2015,2045
8 December 2015,2121
9 December 2015,1879
10 December 2015,1898
11 December 2015,1746
12 December 2015,1063
13 December 2015,826
14 December 2015,1878
15 December 2015,2078
16 December 2015,1874
17 December 2015,2099
18 December 2015,1920
19 December 2015,1247
20 December 2015,860
21 December 2015,1481
22 December 2015,1766
23 December 2015,1334
24 December 2015,644
25 December 2015,505
26 December 2015,533
27 December 2015,626
28 December 2015,990
29 December 2015,1135
30 December 2015,901
31 December 2015,574
1 January 2016,433
2 January 2016,405
3 January 2016,521
4 January 2016,997
5 January 2016,1163
6 January 2016,430
7 January 2016,1200
8 January 2016,1270
9 January 2016,786
10 January 2016,597
11 January 2016,1325
12 January 2016,1543
13 January 2016,1568
14 January 2016,1789
15 January 2016,1496
16 January 2016,588
17 January 2016,399
18 January 2016,1190
19 January 2016,1364
20 January 2016,1463
21 January 2016,1424
22 January 2016,1362
23 January 2016,864
24 January 2016,599
25 January 2016,1811
26 January 2016,2007
27 January 2016,1929
28 January 2016,1718
29 January 2016,1851
30 January 2016,716
31 January 2016,509
1 February 2016,1813
2 February 2016,1907
3 February 2016,1503
4 February 2016,1492
5 February 2016,1554
6 February 2016,1000
7 February 2016,520
8 February 2016,981
9 February 2016,1122
10 February 2016,1344
11 February 2016,1595
12 February 2016,1515
13 February 2016,667
14 February 2016,459
15 February 2016,1490
16 February 2016,1752
17 February 2016,1643
18 February 2016,1850
19 February 2016,1519
20 February 2016,654
21 February 2016,717
22 February 2016,1912
23 February 2016,1492
24 February 2016,1829
25 February 2016,1252
26 February 2016,1602
27 February 2016,995
28 February 2016,643
29 February 2016,1528
1 March 2016,1726
2 March 2016,1355
3 March 2016,1425
4 March 2016,1415
5 March 2016,754
6 March 2016,609
7 March 2016,1565
8 March 2016,1322
9 March 2016,1801
10 March 2016,1846
11 March 2016,1706
12 March 2016,1017
13 March 2016,822
14 March 2016,1848
15 March 2016,1756
16 March 2016,1743
17 March 2016,2005
18 March 2016,2028
19 March 2016,1112
20 March 2016,832
21 March 2016,1907
22 March 2016,2047
23 March 2016,1809
24 March 2016,1636
25 March 2016,374
26 March 2016,1132
27 March 2016,490
28 March 2016,609
29 March 2016,1558
30 March 2016,1406
31 March 2016,1823
1 April 2016,1378
2 April 2016,1186
3 April 2016,1551
4 April 2016,2146
5 April 2016,1887
6 April 2016,2211
7 April 2016,1896
8 April 2016,2068
9 April 2016,1104
10 April 2016,1485
11 April 2016,2494
12 April 2016,2416
13 April 2016,1930
14 April 2016,2461
15 April 2016,1571
16 April 2016,844
17 April 2016,695
18 April 2016,1718
19 April 2016,2781
20 April 2016,2933
21 April 2016,3498
22 April 2016,2652
23 April 2016,756
24 April 2016,882
25 April 2016,2003
26 April 2016,1650
27 April 2016,2050
28 April 2016,2195
29 April 2016,2562
30 April 2016,1371
1 May 2016,661
2 May 2016,2534
3 May 2016,2267
4 May 2016,2740
5 May 2016,1986
6 May 2016,2291
7 May 2016,1998
8 May 2016,1684
9 May 2016,2760
10 May 2016,2467
11 May 2016,2539
12 May 2016,1759
13 May 2016,1726
14 May 2016,827
15 May 2016,856
16 May 2016,531
17 May 2016,1892
18 May 2016,2073
19 May 2016,1503
20 May 2016,2055
21 May 2016,1634
22 May 2016,1282
23 May 2016,1099
24 May 2016,1659
25 May 2016,2261
26 May 2016,1850
27 May 2016,2068
28 May 2016,1476
29 May 2016,884
30 May 2016,1659
31 May 2016,2576
1 June 2016,2789
2 June 2016,2206
3 June 2016,2238
4 June 2016,979
5 June 2016,1225
6 June 2016,2868
7 June 2016,2905
8 June 2016,1915
9 June 2016,2796
10 June 2016,2906
11 June 2016,1270
12 June 2016,939
13 June 2016,2027
14 June 2016,2069
15 June 2016,2005
16 June 2016,1840
17 June 2016,1885
18 June 2016,1428
19 June 2016,1350
20 June 2016,2753
21 June 2016,2651
22 June 2016,3142
23 June 2016,3073
24 June 2016,2832
25 June 2016,1197
26 June 2016,1539
27 June 2016,2748
28 June 2016,3098
29 June 2016,3027
30 June 2016,2644
1 July 2016,2835
2 July 2016,1222
3 July 2016,1567
4 July 2016,3019
5 July 2016,3204
6 July 2016,3140
7 July 2016,3320
8 July 2016,2908
9 July 2016,1927
10 July 2016,1892
11 July 2016,2674
12 July 2016,2344
13 July 2016,2136
14 July 2016,2402
15 July 2016,2599
16 July 2016,1866
17 July 2016,1810
18 July 2016,3109
19 July 2016,3342
20 July 2016,3151
21 July 2016,2965
22 July 2016,2514
23 July 2016,1890
24 July 2016,1715
25 July 2016,3018
26 July 2016,3124
27 July 2016,3103
28 July 2016,2798
29 July 2016,2671
30 July 2016,1722
31 July 2016,961
1 August 2016,2609
2 August 2016,1856
3 August 2016,2655
4 August 2016,2272
5 August 2016,1822
6 August 2016,1667
7 August 2016,1632
8 August 2016,2319
9 August 2016,1842
10 August 2016,2163
11 August 2016,2287
12 August 2016,2091
13 August 2016,1614
14 August 2016,1558
15 August 2016,2264
16 August 2016,2510
17 August 2016,2358
18 August 2016,1804
19 August 2016,2048
20 August 2016,941
21 August 2016,1166
22 August 2016,2180
23 August 2016,2392
24 August 2016,2401
25 August 2016,2340
26 August 2016,2121
27 August 2016,1440
28 August 2016,1299
29 August 2016,2074
30 August 2016,2371
31 August 2016,2477
1 September 2016,2372
2 September 2016,2249
3 September 2016,1434
4 September 2016,818
5 September 2016,1527
6 September 2016,2506
7 September 2016,2529
8 September 2016,2526
9 September 2016,2516
10 September 2016,1784
11 September 2016,1624
12 September 2016,2913
13 September 2016,2990
14 September 2016,2919
15 September 2016,2553
16 September 2016,2127
17 September 2016,1418
18 September 2016,618
19 September 2016,2376
20 September 2016,2628
21 September 2016,2778
22 September 2016,2673
23 September 2016,2485
24 September 2016,1714
25 September 2016,1525
26 September 2016,2450
27 September 2016,2506
28 September 2016,2660
29 September 2016,2758
30 September 2016,2479
1 October 2016,1091
2 October 2016,985
3 October 2016,1244
4 October 2016,2487
5 October 2016,2554
6 October 2016,2510
7 October 2016,2230
8 October 2016,1296
9 October 2016,727
10 October 2016,2313
11 October 2016,2357
12 October 2016,2398
13 October 2016,2465
14 October 2016,2209
15 October 2016,1429
16 October 2016,1454
17 October 2016,2250
18 October 2016,2285
19 October 2016,2391
20 October 2016,2283
21 October 2016,1991
22 October 2016,1264
23 October 2016,592
24 October 2016,2094
25 October 2016,2034
26 October 2016,2342
27 October 2016,2508
28 October 2016,2158
29 October 2016,1220
30 October 2016,811
31 October 2016,1533
1 November 2016,978
2 November 2016,1857
3 November 2016,2003
4 November 2016,1765
5 November 2016,665
6 November 2016,596
7 November 2016,1934
8 November 2016,1985
9 November 2016,1866
10 November 2016,1852
11 November 2016,1753
12 November 2016,851
13 November 2016,750
14 November 2016,1937
15 November 2016,2001
16 November 2016,1723
17 November 2016,1990
18 November 2016,1506
19 November 2016,740
20 November 2016,925
21 November 2016,2067
22 November 2016,2037
23 November 2016,1955
24 November 2016,1947
25 November 2016,1895
26 November 2016,969
27 November 2016,771
28 November 2016,1940
29 November 2016,1990
30 November 2016,1896
1 December 2016,1951
2 December 2016,1861
3 December 2016,880
4 December 2016,682
5 December 2016,1829
6 December 2016,1761
7 December 2016,1721
8 December 2016,1794
9 December 2016,1788
10 December 2016,1061
11 December 2016,626
12 December 2016,1888
13 December 2016,1758
14 December 2016,1846
15 December 2016,1660
16 December 2016,1675
17 December 2016,840
18 December 2016,608
19 December 2016,1821
20 December 2016,1689
21 December 2016,1675
22 December 2016,1518
23 December 2016,951
24 December 2016,431
25 December 2016,299
26 December 2016,336
27 December 2016,805
28 December 2016,836
29 December 2016,608
30 December 2016,695
31 December 2016,391
1 January 2017,340
2 January 2017,821
3 January 2017,559
4 January 2017,602
5 January 2017,598
6 January 2017,268
7 January 2017,325
8 January 2017,238
9 January 2017,1201
10 January 2017,1086
11 January 2017,1261
12 January 2017,1423
13 January 2017,1303
14 January 2017,526
15 January 2017,287
16 January 2017,1095
17 January 2017,1216
18 January 2017,1265
19 January 2017,1261
20 January 2017,1161
21 January 2017,508
22 January 2017,420
23 January 2017,1242
24 January 2017,1200
25 January 2017,1231
26 January 2017,1324
27 January 2017,1251
28 January 2017,646
29 January 2017,556
30 January 2017,1320
31 January 2017,1242
1 February 2017,1467
2 February 2017,1766
3 February 2017,1565
4 February 2017,583
5 February 2017,397
6 February 2017,1556
7 February 2017,1658
8 February 2017,1489
9 February 2017,1705
10 February 2017,1475
11 February 2017,737
12 February 2017,615
13 February 2017,1670
14 February 2017,1784
15 February 2017,1881
16 February 2017,2021
17 February 2017,1504
18 February 2017,951
19 February 2017,865
20 February 2017,1728
21 February 2017,1603
22 February 2017,1687
23 February 2017,1869
24 February 2017,1397
25 February 2017,898
26 February 2017,711
27 February 2017,1515
28 February 2017,1174
1 March 2017,1396
2 March 2017,1642
3 March 2017,1649
4 March 2017,877
5 March 2017,619
6 March 2017,1438
7 March 2017,1551
8 March 2017,1685
9 March 2017,1388
10 March 2017,2010
11 March 2017,1219
12 March 2017,1320
13 March 2017,2201
14 March 2017,2330
15 March 2017,2333
16 March 2017,2491
17 March 2017,2161
18 March 2017,715
19 March 2017,864
20 March 2017,2144
21 March 2017,1994
22 March 2017,1929
23 March 2017,2705
24 March 2017,2456
25 March 2017,1546
26 March 2017,1526
27 March 2017,2728
28 March 2017,2900
29 March 2017,2983
30 March 2017,3026
31 March 2017,2851
1 April 2017,1738
2 April 2017,1597
3 April 2017,2937
4 April 2017,3014
5 April 2017,3104
6 April 2017,3019
7 April 2017,3035
8 April 2017,1763
9 April 2017,1913
10 April 2017,2754
11 April 2017,2755
12 April 2017,2945
13 April 2017,2595
14 April 2017,1218
15 April 2017,908
16 April 2017,595
17 April 2017,530
18 April 2017,1867
19 April 2017,1864
20 April 2017,2339
21 April 2017,2437
22 April 2017,1276
23 April 2017,1547
24 April 2017,3192
25 April 2017,2469
26 April 2017,2046
27 April 2017,2137
28 April 2017,2478
29 April 2017,1781
30 April 2017,1947
1 May 2017,902
2 May 2017,3028
3 May 2017,2970
4 May 2017,2608
5 May 2017,3008
6 May 2017,1063
7 May 2017,838
8 May 2017,2363
9 May 2017,3218
10 May 2017,3554
11 May 2017,3016
12 May 2017,3175
13 May 2017,1932
14 May 2017,1471
15 May 2017,3448
16 May 2017,3656
17 May 2017,3835
18 May 2017,2948
19 May 2017,1552
20 May 2017,1618
21 May 2017,1904
22 May 2017,3562
23 May 2017,3642
24 May 2017,3421
25 May 2017,2148
26 May 2017,2763
27 May 2017,2047
28 May 2017,1736
29 May 2017,3461
30 May 2017,3401
31 May 2017,3441
1 June 2017,3088
2 June 2017,2943
3 June 2017,1468
4 June 2017,1282
5 June 2017,1109
6 June 2017,1843
7 June 2017,1846
8 June 2017,2615
9 June 2017,1923
10 June 2017,1739
11 June 2017,1749
12 June 2017,2548
13 June 2017,3052
14 June 2017,2931
15 June 2017,1734
16 June 2017,2266
17 June 2017,1905
18 June 2017,1718
19 June 2017,3428
20 June 2017,3524
21 June 2017,3573
22 June 2017,3507
23 June 2017,3256
24 June 2017,1886
25 June 2017,1728
26 June 2017,3399
27 June 2017,3372
28 June 2017,2921
29 June 2017,2732
30 June 2017,3000
1 July 2017,1444
2 July 2017,1326
3 July 2017,3255
4 July 2017,3773
5 July 2017,3579
6 July 2017,3551
7 July 2017,3117
8 July 2017,1890
9 July 2017,1367
10 July 2017,2572
11 July 2017,3040
12 July 2017,2825
13 July 2017,3465
14 July 2017,2938
15 July 2017,1948
16 July 2017,1828
17 July 2017,3441
18 July 2017,3574
19 July 2017,3422
20 July 2017,3098
21 July 2017,3089
22 July 2017,1972
23 July 2017,1703
24 July 2017,2157
25 July 2017,2382
26 July 2017,2220
27 July 2017,2148
28 July 2017,2430
29 July 2017,1909
30 July 2017,1410
31 July 2017,2730
1 August 2017,2693
2 August 2017,2833
3 August 2017,2766
4 August 2017,2490
5 August 2017,1555
6 August 2017,1514
7 August 2017,2660
8 August 2017,2037
9 August 2017,2427
10 August 2017,1226
11 August 2017,1800
12 August 2017,1250
13 August 2017,1448
14 August 2017,2598
15 August 2017,2545
16 August 2017,2487
17 August 2017,2599
18 August 2017,1967
19 August 2017,1320
20 August 2017,1486
21 August 2017,2285
22 August 2017,2554
23 August 2017,2514
24 August 2017,2399
25 August 2017,2318
26 August 2017,1622
27 August 2017,1318
28 August 2017,2416
29 August 2017,2589
30 August 2017,2390
31 August 2017,1465
1 September 2017,1819
2 September 2017,859
3 September 2017,1318
4 September 2017,2450
5 September 2017,2661
6 September 2017,2288
7 September 2017,2272
8 September 2017,2267
9 September 2017,1057
10 September 2017,1486
11 September 2017,2540
12 September 2017,2113
13 September 2017,2158
14 September 2017,1856
15 September 2017,2619
16 September 2017,1188
17 September 2017,1065
18 September 2017,2421
19 September 2017,2316
20 September 2017,2712
21 September 2017,2768
22 September 2017,2786
23 September 2017,1635
24 September 2017,1543
25 September 2017,2723
26 September 2017,2844
27 September 2017,2829
28 September 2017,2773
29 September 2017,2714
30 September 2017,1172
1 October 2017,1174
2 October 2017,1754
3 October 2017,1070
4 October 2017,2771
5 October 2017,2557
6 October 2017,2188
7 October 2017,1586
8 October 2017,794
9 October 2017,2514
10 October 2017,2796
11 October 2017,3083
12 October 2017,2902
13 October 2017,3037
14 October 2017,1889
15 October 2017,1768
16 October 2017,3224
17 October 2017,3389
18 October 2017,3236
19 October 2017,3043
20 October 2017,2705
21 October 2017,1445
22 October 2017,923
23 October 2017,2413
24 October 2017,2993
25 October 2017,3050
26 October 2017,3031
27 October 2017,2445
28 October 2017,1171
29 October 2017,671
30 October 2017,1789
31 October 2017,1061
1 November 2017,1215
2 November 2017,2168
3 November 2017,2284
4 November 2017,1471
5 November 2017,576
6 November 2017,2479
7 November 2017,2414
8 November 2017,2048
9 November 2017,2407
10 November 2017,2023
11 November 2017,640
12 November 2017,534
13 November 2017,1975
14 November 2017,2568
15 November 2017,2244
16 November 2017,2227
17 November 2017,2168
18 November 2017,1082
19 November 2017,812
20 November 2017,2321
21 November 2017,2392
22 November 2017,2560
23 November 2017,2568
24 November 2017,2220
25 November 2017,725
26 November 2017,725
27 November 2017,2173
28 November 2017,1815
29 November 2017,1942
30 November 2017,1867
1 December 2017,1747
2 December 2017,820
3 December 2017,599
4 December 2017,1727
5 December 2017,2214
6 December 2017,2106
7 December 2017,2225
8 December 2017,1662
9 December 2017,918
10 December 2017,482
11 December 2017,1390
12 December 2017,2081
13 December 2017,1991
14 December 2017,1877
15 December 2017,1780
16 December 2017,724
17 December 2017,685
18 December 2017,1519
19 December 2017,1919
20 December 2017,1800
21 December 2017,1802
22 December 2017,1165
23 December 2017,731
24 December 2017,349
25 December 2017,446
26 December 2017,371
27 December 2017,650
28 December 2017,671
29 December 2017,877
30 December 2017,536
31 December 2017,594
1 January 2018,438
2 January 2018,986
3 January 2018,840
4 January 2018,976
5 January 2018,1170
6 January 2018,874
7 January 2018,739
8 January 2018,2112
9 January 2018,2292
10 January 2018,2242
11 January 2018,2232
12 January 2018,2164
13 January 2018,1078
14 January 2018,873
15 January 2018,2129
16 January 2018,1778
17 January 2018,1899
18 January 2018,1607
19 January 2018,1833
20 January 2018,851
21 January 2018,765
22 January 2018,1686
23 January 2018,2235
24 January 2018,2437
25 January 2018,2472
26 January 2018,1675
27 January 2018,955
28 January 2018,861
29 January 2018,2276
30 January 2018,2453
31 January 2018,2198
1 February 2018,2021
2 February 2018,2039
3 February 2018,1091
4 February 2018,940
5 February 2018,2035
6 February 2018,2154
7 February 2018,2001
8 February 2018,1784
9 February 2018,1780
10 February 2018,826
11 February 2018,553
12 February 2018,1434
13 February 2018,1745
14 February 2018,1797
15 February 2018,1389
16 February 2018,1667
17 February 2018,466
18 February 2018,584
19 February 2018,1905
20 February 2018,2007
21 February 2018,1966
22 February 2018,1811
23 February 2018,1736
24 February 2018,992
25 February 2018,706
26 February 2018,1659
27 February 2018,1536
28 February 2018,1578
1 March 2018,1625
2 March 2018,1407
3 March 2018,474
4 March 2018,809
5 March 2018,2122
6 March 2018,2047
7 March 2018,1957
8 March 2018,2159
9 March 2018,2034
10 March 2018,864
11 March 2018,725
12 March 2018,1980
13 March 2018,1855
14 March 2018,2418
15 March 2018,2071
16 March 2018,2120
17 March 2018,790
18 March 2018,408
19 March 2018,1691
20 March 2018,2087
21 March 2018,2161
22 March 2018,1948
23 March 2018,1932
24 March 2018,1177
25 March 2018,1153
26 March 2018,1964
27 March 2018,1989
28 March 2018,1760
29 March 2018,1786
30 March 2018,775
31 March 2018,961
1 April 2018,552
2 April 2018,1033
3 April 2018,2195
4 April 2018,1957
5 April 2018,1893
6 April 2018,2322
7 April 2018,1882
8 April 2018,2111
9 April 2018,2948
10 April 2018,3175
11 April 2018,3188
12 April 2018,3143
13 April 2018,2526
14 April 2018,1801
15 April 2018,1787
16 April 2018,3083
17 April 2018,3651
18 April 2018,3598
19 April 2018,3513
20 April 2018,3353
21 April 2018,2211
22 April 2018,2109
23 April 2018,2487
24 April 2018,3323
25 April 2018,3306
26 April 2018,3155
27 April 2018,3300
28 April 2018,1455
29 April 2018,1883
30 April 2018,2530
1 May 2018,1631
2 May 2018,3081
3 May 2018,3005
4 May 2018,3139
5 May 2018,2143
6 May 2018,2226
7 May 2018,3732
8 May 2018,3601
9 May 2018,3419
10 May 2018,839
11 May 2018,2907
12 May 2018,2183
13 May 2018,1106
14 May 2018,2683
15 May 2018,2551
16 May 2018,2059
17 May 2018,2589
18 May 2018,3036
19 May 2018,1590
20 May 2018,1211
21 May 2018,1424
22 May 2018,2351
23 May 2018,2180
24 May 2018,2556
25 May 2018,2728
26 May 2018,1738
27 May 2018,1597
28 May 2018,2760
29 May 2018,2738
30 May 2018,2784
31 May 2018,1373
1 June 2018,2209
2 June 2018,1840
3 June 2018,1701
4 June 2018,3127
5 June 2018,3429
6 June 2018,3283
7 June 2018,3079
8 June 2018,2908
9 June 2018,1723
10 June 2018,2115
11 June 2018,2960
12 June 2018,2960
13 June 2018,3240
14 June 2018,3596
15 June 2018,3376
16 June 2018,2188
17 June 2018,1808
18 June 2018,3460
19 June 2018,3754
20 June 2018,3966
21 June 2018,3591
22 June 2018,3197
23 June 2018,1990
24 June 2018,1703
25 June 2018,3457
26 June 2018,3847
27 June 2018,3638
28 June 2018,3642
29 June 2018,3324
30 June 2018,2264
1 July 2018,2095
2 July 2018,3610
3 July 2018,3212
4 July 2018,3571
5 July 2018,2691
6 July 2018,2689
7 July 2018,1939
8 July 2018,1902
9 July 2018,3745
10 July 2018,3449
11 July 2018,3544
12 July 2018,3750
13 July 2018,3648
14 July 2018,2059
15 July 2018,1671
16 July 2018,3613
17 July 2018,3627
18 July 2018,3786
19 July 2018,3912
20 July 2018,3199
21 July 2018,1974
22 July 2018,2095
23 July 2018,3719
24 July 2018,3991
25 July 2018,3706
26 July 2018,3652
27 July 2018,3287
28 July 2018,1612
29 July 2018,1761
30 July 2018,3096
31 July 2018,3243
1 August 2018,3163
2 August 2018,3235
3 August 2018,3024
4 August 2018,1772
5 August 2018,1511
6 August 2018,2912
7 August 2018,2949
8 August 2018,2816
9 August 2018,2746
10 August 2018,2840
11 August 2018,1801
12 August 2018,1693
13 August 2018,1962
14 August 2018,2721
15 August 2018,2928
16 August 2018,2834
17 August 2018,2493
18 August 2018,1926
19 August 2018,1624
20 August 2018,2669
21 August 2018,2920
22 August 2018,2933
23 August 2018,2625
24 August 2018,2013
25 August 2018,830
26 August 2018,1506
27 August 2018,2538
28 August 2018,2992
29 August 2018,2479
30 August 2018,2463
31 August 2018,1361
1 September 2018,1393
2 September 2018,1143
3 September 2018,2454
4 September 2018,2952
5 September 2018,3086
6 September 2018,2633
7 September 2018,2387
8 September 2018,1804
9 September 2018,1799
10 September 2018,3414
11 September 2018,3511
12 September 2018,3558
13 September 2018,3004
14 September 2018,2925
15 September 2018,1861
16 September 2018,1808
17 September 2018,3508
18 September 2018,3514
19 September 2018,3556
20 September 2018,3602
21 September 2018,2737
22 September 2018,1603
23 September 2018,992
24 September 2018,3054
25 September 2018,3283
26 September 2018,3195
27 September 2018,3293
28 September 2018,2981
29 September 2018,1577
30 September 2018,1565
1 October 2018,2517
2 October 2018,2847
3 October 2018,1219
4 October 2018,3108
5 October 2018,3021
6 October 2018,1805
7 October 2018,1677
8 October 2018,3194
9 October 2018,3483
10 October 2018,3402
11 October 2018,3264
12 October 2018,3290
13 October 2018,1957
14 October 2018,1876
15 October 2018,3481
16 October 2018,3625
17 October 2018,3568
18 October 2018,3476
19 October 2018,3019
20 October 2018,1584
21 October 2018,1225
22 October 2018,3243
23 October 2018,3302
24 October 2018,3083
25 October 2018,3274
26 October 2018,2913
27 October 2018,924
28 October 2018,721
29 October 2018,2285
30 October 2018,1812
31 October 2018,2332
1 November 2018,1113
2 November 2018,1863
3 November 2018,1263
4 November 2018,1140
5 November 2018,2913
6 November 2018,2909
7 November 2018,3097
8 November 2018,2916
9 November 2018,2880
10 November 2018,1490
11 November 2018,1204
12 November 2018,3179
13 November 2018,2511
14 November 2018,2913
15 November 2018,2849
16 November 2018,2567
17 November 2018,1283
18 November 2018,1017
19 November 2018,2609
20 November 2018,2696
21 November 2018,2664
22 November 2018,2684
23 November 2018,2350
24 November 2018,1078
25 November 2018,1129
26 November 2018,2415
27 November 2018,2336
28 November 2018,2509
29 November 2018,2565
30 November 2018,1978
1 December 2018,1264
2 December 2018,626
3 December 2018,2196
4 December 2018,2318
5 December 2018,2579
6 December 2018,2587
7 December 2018,2255
8 December 2018,940
9 December 2018,740
10 December 2018,2331
11 December 2018,2687
12 December 2018,2606
13 December 2018,2405
14 December 2018,2189
15 December 2018,1046
16 December 2018,831
17 December 2018,2390
18 December 2018,2312
19 December 2018,2187
20 December 2018,2248
21 December 2018,1383
22 December 2018,821
23 December 2018,384
24 December 2018,556
25 December 2018,307
26 December 2018,366
27 December 2018,928
28 December 2018,961
29 December 2018,638
30 December 2018,578
31 December 2018,692
1 January 2019,495
2 January 2019,1330
3 January 2019,1400
4 January 2019,1359
5 January 2019,680
6 January 2019,591
7 January 2019,2388
8 January 2019,2200
9 January 2019,2155
10 January 2019,2050
11 January 2019,1846
12 January 2019,822
13 January 2019,549
14 January 2019,2268
15 January 2019,2571
16 January 2019,2518
17 January 2019,2293
18 January 2019,2122
19 January 2019,1023
20 January 2019,743
21 January 2019,2312
22 January 2019,2357
23 January 2019,1883
24 January 2019,2148
25 January 2019,1915
26 January 2019,976
27 January 2019,749
28 January 2019,2092
29 January 2019,2289
30 January 2019,2135
31 January 2019,2161
1 February 2019,1766
2 February 2019,1063
3 February 2019,680
4 February 2019,2232
5 February 2019,2441
6 February 2019,2458
7 February 2019,2252
8 February 2019,2289
9 February 2019,1135
10 February 2019,708
11 February 2019,2163
12 February 2019,2425
13 February 2019,2561
14 February 2019,2541
15 February 2019,2413
16 February 2019,1490
17 February 2019,1526
18 February 2019,2945
19 February 2019,3151
20 February 2019,3083
21 February 2019,3255
22 February 2019,2866
23 February 2019,1628
24 February 2019,1592
25 February 2019,3244
26 February 2019,3420
27 February 2019,3441
28 February 2019,3227
1 March 2019,1945
2 March 2019,1262
3 March 2019,1162
4 March 2019,1669
5 March 2019,2227
6 March 2019,2804
7 March 2019,2311
8 March 2019,2346
9 March 2019,1227
10 March 2019,777
11 March 2019,2356
12 March 2019,3140
13 March 2019,2766
14 March 2019,2276
15 March 2019,1892
16 March 2019,1302
17 March 2019,1108
18 March 2019,2792
19 March 2019,3174
20 March 2019,3282
21 March 2019,3383
22 March 2019,3215
23 March 2019,1905
24 March 2019,1795
25 March 2019,3101
26 March 2019,3306
27 March 2019,3208
28 March 2019,3461
29 March 2019,3419
30 March 2019,2242
31 March 2019,2176
1 April 2019,3742
2 April 2019,3854
3 April 2019,2454
4 April 2019,2062
5 April 2019,2913
6 April 2019,2111
7 April 2019,1362
8 April 2019,3256
9 April 2019,2741
10 April 2019,2737
11 April 2019,3447
12 April 2019,3197
13 April 2019,1563
14 April 2019,925
15 April 2019,3251
16 April 2019,3357
17 April 2019,3165
18 April 2019,3323
19 April 2019,1948
20 April 2019,1904
21 April 2019,1520
22 April 2019,1983
23 April 2019,3423
24 April 2019,3074
25 April 2019,3603
26 April 2019,2076
27 April 2019,1184
28 April 2019,1185
29 April 2019,3655
30 April 2019,3737
1 May 2019,2878
2 May 2019,3646
3 May 2019,2764
4 May 2019,1036
5 May 2019,1173
6 May 2019,3623
7 May 2019,4032
8 May 2019,2907
9 May 2019,3041
10 May 2019,3529
11 May 2019,1688
12 May 2019,1853
13 May 2019,4064
14 May 2019,4237
15 May 2019,3980
16 May 2019,3918
17 May 2019,3677
18 May 2019,1780
19 May 2019,1355
20 May 2019,2175
21 May 2019,2501
22 May 2019,3990
23 May 2019,4367
24 May 2019,3957
25 May 2019,2160
26 May 2019,2048
27 May 2019,3437
28 May 2019,2809
29 May 2019,3102
30 May 2019,2355
31 May 2019,2899
1 June 2019,2282
2 June 2019,2288
3 June 2019,3713
4 June 2019,2198
5 June 2019,3737
6 June 2019,2732
7 June 2019,3345
8 June 2019,1814
9 June 2019,1213
10 June 2019,648
11 June 2019,2061
12 June 2019,2315
13 June 2019,2977
14 June 2019,2469
15 June 2019,1597
16 June 2019,1599
17 June 2019,3291
18 June 2019,3394
19 June 2019,3461
20 June 2019,1725
21 June 2019,2758
22 June 2019,1565
23 June 2019,2030
24 June 2019,4124
25 June 2019,4389
26 June 2019,4306
27 June 2019,4172
28 June 2019,4009
29 June 2019,2276
30 June 2019,2042
1 July 2019,3757
2 July 2019,3761
3 July 2019,4003
4 July 2019,4220
5 July 2019,3840
6 July 2019,2082
7 July 2019,1769
8 July 2019,3491
9 July 2019,4363
10 July 2019,4301
11 July 2019,3867
12 July 2019,2801
13 July 2019,2133
14 July 2019,1455
15 July 2019,3996
16 July 2019,4396
17 July 2019,4462
18 July 2019,4327
19 July 2019,4263
20 July 2019,2731
21 July 2019,2429
22 July 2019,4140
23 July 2019,4270
24 July 2019,4120
25 July 2019,4157
26 July 2019,3835
27 July 2019,1888
28 July 2019,880
29 July 2019,3618
30 July 2019,3823
31 July 2019,3739
1 August 2019,3750
2 August 2019,3331
3 August 2019,2095
4 August 2019,2171
5 August 2019,3430
6 August 2019,3228
7 August 2019,2169
8 August 2019,3432
9 August 2019,3076
10 August 2019,1570
11 August 2019,1398
12 August 2019,2288
13 August 2019,3029
14 August 2019,3239
15 August 2019,2560
16 August 2019,2852
17 August 2019,1452
18 August 2019,1643
19 August 2019,2177
20 August 2019,1932
21 August 2019,2957
22 August 2019,2988
23 August 2019,2795
24 August 2019,1878
25 August 2019,1866
26 August 2019,3068
27 August 2019,3131
28 August 2019,2999
29 August 2019,2960
30 August 2019,2991
31 August 2019,1984
1 September 2019,1561
2 September 2019,2961
3 September 2019,3560
4 September 2019,3533
5 September 2019,2632
6 September 2019,2753
7 September 2019,1675
8 September 2019,676
9 September 2019,3174
10 September 2019,3514
11 September 2019,3591
12 September 2019,3752
13 September 2019,3593
14 September 2019,2143
15 September 2019,2065
16 September 2019,3828
17 September 2019,4111
18 September 2019,3926
19 September 2019,3825
20 September 2019,3749
21 September 2019,2338
22 September 2019,1876
23 September 2019,2998
24 September 2019,3443
25 September 2019,3087
26 September 2019,2969
27 September 2019,2874
28 September 2019,1901
29 September 2019,1718
30 September 2019,3630
1 October 2019,3495
2 October 2019,2765
3 October 2019,1650
4 October 2019,1984
5 October 2019,1160
6 October 2019,908
7 October 2019,3481
8 October 2019,3375
9 October 2019,2678
10 October 2019,3000
11 October 2019,3460
12 October 2019,2081
13 October 2019,2149
14 October 2019,4117
15 October 2019,3283
16 October 2019,3820
17 October 2019,3274
18 October 2019,2928
19 October 2019,1027
20 October 2019,1760
21 October 2019,3122
22 October 2019,3643
23 October 2019,3727
24 October 2019,3905
25 October 2019,3585
26 October 2019,2281
27 October 2019,1837
28 October 2019,2269
29 October 2019,2344
30 October 2019,2110
31 October 2019,1488
1 November 2019,532
2 November 2019,739
3 November 2019,517
4 November 2019,1455
5 November 2019,1651
6 November 2019,1575
7 November 2019,1523
8 November 2019,1206
9 November 2019,748
10 November 2019,703
11 November 2019,1478
12 November 2019,1487
13 November 2019,1521
14 November 2019,1473
15 November 2019,1365
16 November 2019,703
17 November 2019,377
18 November 2019,1131
19 November 2019,1407
20 November 2019,1348
21 November 2019,1318
22 November 2019,1348
23 November 2019,582
24 November 2019,662
25 November 2019,1398
26 November 2019,1542
27 November 2019,1295
28 November 2019,1171
29 November 2019,915
30 November 2019,720
1 December 2019,412
2 December 2019,1252
3 December 2019,1314
4 December 2019,1273
5 December 2019,1202
6 December 2019,1199
7 December 2019,746
8 December 2019,646
9 December 2019,1272
10 December 2019,1732
11 December 2019,1990
12 December 2019,2175
13 December 2019,1579
14 December 2019,1027
15 December 2019,764
16 December 2019,2565
17 December 2019,2837
18 December 2019,2557
19 December 2019,2645
20 December 2019,1749
21 December 2019,1155
22 December 2019,490
23 December 2019,1035
24 December 2019,527
25 December 2019,346
26 December 2019,453
27 December 2019,841
28 December 2019,733
29 December 2019,532
30 December 2019,1096
31 December 2019,801
1 January 2020,441
2 January 2020,1158
3 January 2020,1243
4 January 2020,1020
5 January 2020,1023
6 January 2020,991
7 January 2020,2662
8 January 2020,2821
9 January 2020,3022
10 January 2020,2568
11 January 2020,1417
12 January 2020,1081
13 January 2020,2804
14 January 2020,2983
15 January 2020,3127
16 January 2020,3141
17 January 2020,2437
18 January 2020,1229
19 January 2020,1003
20 January 2020,2673
21 January 2020,2849
22 January 2020,2461
23 January 2020,2404
24 January 2020,2438
25 January 2020,1306
26 January 2020,1135
27 January 2020,2670
28 January 2020,2260
29 January 2020,2483
30 January 2020,2714
31 January 2020,2407
1 February 2020,1193
2 February 2020,881
3 February 2020,2060
4 February 2020,2299
5 February 2020,2656
6 February 2020,2746
7 February 2020,2555
8 February 2020,1455
9 February 2020,1195
10 February 2020,1529
11 February 2020,2268
12 February 2020,2590
13 February 2020,2404
14 February 2020,2343
15 February 2020,1548
16 February 2020,1389
17 February 2020,2170
18 February 2020,2944
19 February 2020,2515
20 February 2020,2758
21 February 2020,2397
22 February 2020,1548
23 February 2020,905
24 February 2020,2261
25 February 2020,2017
26 February 2020,1977
27 February 2020,1854
28 February 2020,2139
29 February 2020,1136
1 March 2020,1176
2 March 2020,2311
3 March 2020,2678
4 March 2020,2825
5 March 2020,1968
6 March 2020,1918
7 March 2020,1315
8 March 2020,1275
9 March 2020,2512
10 March 2020,2160
11 March 2020,2873
12 March 2020,2768
13 March 2020,2728
14 March 2020,1414
15 March 2020,1778
16 March 2020,3070
17 March 2020,2689
18 March 2020,2769
19 March 2020,2643
20 March 2020,2340
21 March 2020,751
22 March 2020,1057
23 March 2020,1959
24 March 2020,1961
25 March 2020,1942
26 March 2020,1936
27 March 2020,2057
28 March 2020,1657
29 March 2020,468
30 March 2020,1678
31 March 2020,2039
1 April 2020,2159
2 April 2020,2266
3 April 2020,2204
4 April 2020,1754
5 April 2020,2100
6 April 2020,2496
7 April 2020,2740
8 April 2020,2782
9 April 2020,2650
10 April 2020,2082
11 April 2020,2120
12 April 2020,2018
13 April 2020,1854
14 April 2020,2282
15 April 2020,2619
16 April 2020,2916
17 April 2020,2871
18 April 2020,2118
19 April 2020,2148
20 April 2020,3124
21 April 2020,3070
22 April 2020,3196
23 April 2020,3350
24 April 2020,2618
25 April 2020,2391
26 April 2020,1938
27 April 2020,2883
28 April 2020,1588
29 April 2020,714
30 April 2020,397
1 May 2020,328
2 May 2020,222
3 May 2020,701
4 May 2020,601
5 May 2020,255
6 May 2020,589
7 May 2020,578
8 May 2020,630
9 May 2020,642
10 May 2020,476
11 May 2020,107
12 May 2020,298
13 May 2020,123
14 May 2020,187
15 May 2020,236
16 May 2020,423
17 May 2020,505
18 May 2020,380
19 May 2020,442
20 May 2020,392
21 May 2020,575
22 May 2020,283
23 May 2020,89
24 May 2020,318
25 May 2020,320
26 May 2020,347
27 May 2020,329
28 May 2020,255
29 May 2020,14
30 May 2020,1
31 May 2020,0
1 June 2020,0
2 June 2020,0
3 June 2020,19
4 June 2020,0
5 June 2020,0
6 June 2020,0
7 June 2020,0
8 June 2020,90
9 June 2020,131
10 June 2020,174
11 June 2020,346
12 June 2020,435
13 June 2020,164
14 June 2020,148
15 June 2020,226
16 June 2020,263
17 June 2020,94
18 June 2020,265
19 June 2020,197
20 June 2020,271
21 June 2020,359
22 June 2020,250
23 June 2020,317
24 June 2020,261
25 June 2020,282
26 June 2020,185
27 June 2020,253
28 June 2020,195
29 June 2020,106
30 June 2020,221
1 July 2020,259
2 July 2020,184
3 July 2020,182
4 July 2020,324
5 July 2020,262
6 July 2020,159
7 July 2020,266
8 July 2020,226
9 July 2020,259
10 July 2020,192
11 July 2020,289
12 July 2020,390
13 July 2020,310
14 July 2020,316
15 July 2020,118
16 July 2020,136
17 July 2020,193
18 July 2020,341
19 July 2020,240
20 July 2020,218
21 July 2020,213
22 July 2020,212
23 July 2020,219
24 July 2020,185
25 July 2020,207
26 July 2020,142
27 July 2020,224
28 July 2020,156
29 July 2020,225
30 July 2020,218
31 July 2020,251
1 August 2020,230
2 August 2020,73
3 August 2020,102
4 August 2020,100
5 August 2020,142
6 August 2020,207
7 August 2020,442
8 August 2020,948
9 August 2020,941
10 August 2020,1599
11 August 2020,1868
12 August 2020,1887
13 August 2020,1984
14 August 2020,1762
15 August 2020,1393
16 August 2020,1243
17 August 2020,1989
18 August 2020,2209
19 August 2020,2459
20 August 2020,2448
21 August 2020,2331
22 August 2020,1379
23 August 2020,1340
24 August 2020,2294
25 August 2020,2469
26 August 2020,2237
27 August 2020,2538
28 August 2020,1460
29 August 2020,1315
30 August 2020,428
31 August 2020,2033
1 September 2020,2175
2 September 2020,2632
3 September 2020,2652
4 September 2020,2521
5 September 2020,1686
6 September 2020,1400
7 September 2020,2853
8 September 2020,2959
9 September 2020,3094
10 September 2020,3042
11 September 2020,2968
12 September 2020,1943
13 September 2020,1766
14 September 2020,3386
15 September 2020,3600
16 September 2020,3662
17 September 2020,3668
18 September 2020,3478
19 September 2020,2022
20 September 2020,1907
21 September 2020,3744
22 September 2020,3777
23 September 2020,3622
24 September 2020,3129
25 September 2020,2330
26 September 2020,790
27 September 2020,967
28 September 2020,3241
29 September 2020,2820
30 September 2020,3631
1 October 2020,2968
2 October 2020,2846
3 October 2020,1219
4 October 2020,1218
5 October 2020,2807
6 October 2020,2795
7 October 2020,2777
8 October 2020,3322
9 October 2020,3156
10 October 2020,1235
11 October 2020,1133
12 October 2020,2897
13 October 2020,3403
14 October 2020,3763
15 October 2020,3008
16 October 2020,2738
17 October 2020,1560
18 October 2020,1321
19 October 2020,3345
20 October 2020,3490
21 October 2020,3557
22 October 2020,3144
23 October 2020,2169
24 October 2020,1761
25 October 2020,1649
26 October 2020,1693
27 October 2020,2671
28 October 2020,2523
29 October 2020,2080
30 October 2020,2585
31 October 2020,1922
1 November 2020,732
2 November 2020,3135
3 November 2020,2395
4 November 2020,2787
5 November 2020,3097
6 November 2020,2817
7 November 2020,1692
8 November 2020,1115
9 November 2020,3218
10 November 2020,3017
11 November 2020,2883
12 November 2020,2969
13 November 2020,3069
14 November 2020,1932
15 November 2020,1643
16 November 2020,2794
17 November 2020,3085
18 November 2020,3121
19 November 2020,2463
20 November 2020,2636
21 November 2020,1309
22 November 2020,1053
23 November 2020,2639
24 November 2020,2726
25 November 2020,2693
26 November 2020,2777
27 November 2020,2588
28 November 2020,1074
29 November 2020,828
30 November 2020,2408
1 December 2020,1791
2 December 2020,2390
3 December 2020,2618
4 December 2020,1983
5 December 2020,1210
6 December 2020,667
7 December 2020,2489
8 December 2020,2519
9 December 2020,2097
10 December 2020,2396
11 December 2020,2112
12 December 2020,1034
13 December 2020,824
14 December 2020,2539
15 December 2020,2034
16 December 2020,2231
17 December 2020,2137
18 December 2020,2114
19 December 2020,1102
20 December 2020,750
21 December 2020,1637
22 December 2020,1590
23 December 2020,1412
24 December 2020,574
25 December 2020,392
26 December 2020,490
27 December 2020,480
28 December 2020,919
29 December 2020,1083
30 December 2020,1191
31 December 2020,745
1 January 2021,468
2 January 2021,714
3 January 2021,556
4 January 2021,1397
5 January 2021,1400
6 January 2021,526
7 January 2021,1356
8 January 2021,1601
9 January 2021,906
10 January 2021,796
11 January 2021,1940
12 January 2021,1501
13 January 2021,1918
14 January 2021,1267
15 January 2021,692
16 January 2021,308
17 January 2021,262
18 January 2021,1312
19 January 2021,1551
20 January 2021,1877
21 January 2021,1767
22 January 2021,1647
23 January 2021,977
24 January 2021,832
25 January 2021,1640
26 January 2021,1713
27 January 2021,1580
28 January 2021,1392
29 January 2021,1536
30 January 2021,771
31 January 2021,782
1 February 2021,1617
2 February 2021,1861
3 February 2021,1759
4 February 2021,2360
5 February 2021,1998
6 February 2021,1244
7 February 2021,554
8 February 2021,1683
9 February 2021,1702
10 February 2021,990
11 February 2021,873
12 February 2021,925
13 February 2021,589
14 February 2021,467
15 February 2021,1182
16 February 2021,1906
17 February 2021,2291
18 February 2021,2370
19 February 2021,2252
20 February 2021,1861
21 February 2021,1866
22 February 2021,2701
23 February 2021,2920
24 February 2021,3091
25 February 2021,3152
26 February 2021,2627
27 February 2021,1658
28 February 2021,1787
1 March 2021,2780
2 March 2021,3042
3 March 2021,2925
4 March 2021,2641
5 March 2021,2090
6 March 2021,1715
7 March 2021,1523
8 March 2021,2830
9 March 2021,2673
10 March 2021,2748
11 March 2021,2066
12 March 2021,2324
13 March 2021,818
14 March 2021,708
15 March 2021,1852
16 March 2021,2321
17 March 2021,1941
18 March 2021,2396
19 March 2021,1996
20 March 2021,1337
21 March 2021,819
22 March 2021,2409
23 March 2021,2772
24 March 2021,3081
25 March 2021,2970
26 March 2021,2886
27 March 2021,1558
28 March 2021,1890
29 March 2021,3062
30 March 2021,3337
31 March 2021,3276
1 April 2021,3168
2 April 2021,1651
3 April 2021,1450
4 April 2021,1387
5 April 2021,746
6 April 2021,1700
7 April 2021,1707
8 April 2021,2274
9 April 2021,2633
10 April 2021,1868
11 April 2021,1512
12 April 2021,2034
13 April 2021,2512
14 April 2021,2793
15 April 2021,2667
16 April 2021,2616
17 April 2021,1700
18 April 2021,1288
19 April 2021,2727
20 April 2021,3218
21 April 2021,3422
22 April 2021,3519
23 April 2021,3478
24 April 2021,2649
25 April 2021,2438
26 April 2021,3403
27 April 2021,3808
28 April 2021,3436
29 April 2021,3093
30 April 2021,2170
1 May 2021,755
2 May 2021,1140
3 May 2021,3669
4 May 2021,2606
5 May 2021,2396
6 May 2021,2210
7 May 2021,2530
8 May 2021,2388
9 May 2021,2801
10 May 2021,2736
11 May 2021,2370
12 May 2021,3063
13 May 2021,1640
14 May 2021,2723
15 May 2021,1378
16 May 2021,1280
17 May 2021,2411
18 May 2021,2455
19 May 2021,2981
20 May 2021,2975
21 May 2021,2282
22 May 2021,1935
23 May 2021,1820
24 May 2021,1656
25 May 2021,2423
26 May 2021,2053
27 May 2021,2636
28 May 2021,3097
29 May 2021,2419
30 May 2021,2048
31 May 2021,3437
1 June 2021,2809
2 June 2021,3102
3 June 2021,2355
4 June 2021,2899
5 June 2021,2282
6 June 2021,2288
7 June 2021,3713
8 June 2021,2198
9 June 2021,3737
10 June 2021,2732
11 June 2021,3345
12 June 2021,1814
13 June 2021,1213
14 June 2021,648
15 June 2021,2061
16 June 2021,2315
17 June 2021,2977
18 June 2021,2469
19 June 2021,1597
20 June 2021,1599
21 June 2021,3291
22 June 2021,3394
23 June 2021,3461
24 June 2021,1725
25 June 2021,2758
26 June 2021,1565
27 June 2021,2030
28 June 2021,4124
29 June 2021,4389
30 June 2021,4306
1 July 2021,4172
2 July 2021,4009
3 July 2021,2276
4 July 2021,2042
5 July 2021,3757
6 July 2021,3761
7 July 2021,4003
8 July 2021,4220
9 July 2021,3840
10 July 2021,2082
11 July 2021,1769
12 July 2021,3491
13 July 2021,4363
14 July 2021,4301
15 July 2021,3867
16 July 2021,2801
17 July 2021,2133
18 July 2021,1455
19 July 2021,3996
20 July 2021,4396
21 July 2021,4462
22 July 2021,4327
23 July 2021,4263
24 July 2021,2731
25 July 2021,2429
26 July 2021,4140
27 July 2021,4270
28 July 2021,4120
29 July 2021,4157
30 July 2021,3835
31 July 2021,1888
1 August 2021,880
2 August 2021,3618
3 August 2021,3823
4 August 2021,3739
5 August 2021,3750
6 August 2021,3081
7 August 2021,1005
8 August 2021,1829
9 August 2021,3472
10 August 2021,3959
11 August 2021,3962
12 August 2021,4027
13 August 2021,3355
14 August 2021,2316
15 August 2021,1829
16 August 2021,2986
17 August 2021,3192
18 August 2021,3009
19 August 2021,3191
20 August 2021,3117
21 August 2021,2364
22 August 2021,1226
23 August 2021,2841
24 August 2021,3096
25 August 2021,3306
26 August 2021,2883
27 August 2021,2607
28 August 2021,1263
29 August 2021,857
30 August 2021,2233
31 August 2021,2987
1 September 2021,3834
2 September 2021,3854
3 September 2021,3712
4 September 2021,2519
5 September 2021,2266
6 September 2021,4046
7 September 2021,4226
8 September 2021,4362
9 September 2021,4023
10 September 2021,3612
11 September 2021,2652
12 September 2021,2542
13 September 2021,4787
14 September 2021,4662
15 September 2021,3294
16 September 2021,3670
17 September 2021,4336
18 September 2021,2831
19 September 2021,973
20 September 2021,3718
21 September 2021,4297
22 September 2021,4522
23 September 2021,4595
24 September 2021,4397
25 September 2021,2763
26 September 2021,1686
27 September 2021,4400
28 September 2021,4511
29 September 2021,4103
30 September 2021,4535
1 October 2021,4385
2 October 2021,2735
3 October 2021,1666
4 October 2021,2842
5 October 2021,3553
6 October 2021,3627
7 October 2021,3989
8 October 2021,3715
9 October 2021,2337
10 October 2021,1843
11 October 2021,3839
12 October 2021,3800
13 October 2021,3953
14 October 2021,3939
15 October 2021,3715
16 October 2021,2631
17 October 2021,1578
18 October 2021,3933
19 October 2021,4118
20 October 2021,4312
21 October 2021,3470
22 October 2021,3726
23 October 2021,2257
24 October 2021,1939
25 October 2021,4131
26 October 2021,4090
27 October 2021,4229
28 October 2021,4133
29 October 2021,3600
30 October 2021,1632
31 October 2021,1633
1 November 2021,1145
2 November 2021,2763
3 November 2021,2775
4 November 2021,2679
5 November 2021,2581
6 November 2021,1721
7 November 2021,1285
8 November 2021,3742
9 November 2021,3769
10 November 2021,3776
11 November 2021,3487
12 November 2021,3072
13 November 2021,1600
14 November 2021,1337
15 November 2021,3725
16 November 2021,3716
17 November 2021,3680
18 November 2021,3783
19 November 2021,3343
20 November 2021,1617
21 November 2021,1525
22 November 2021,3193
23 November 2021,3620
24 November 2021,3315
25 November 2021,3183
26 November 2021,2693
27 November 2021,1338
28 November 2021,947
29 November 2021,2776
30 November 2021,2701
1 December 2021,2932
2 December 2021,2836
3 December 2021,2690
4 December 2021,1108
5 December 2021,962
6 December 2021,3106
7 December 2021,3298
8 December 2021,2961
9 December 2021,3219
10 December 2021,2465
11 December 2021,1260
12 December 2021,1082
13 December 2021,3242
14 December 2021,3166
15 December 2021,3229
16 December 2021,3201
17 December 2021,2944
18 December 2021,1362
19 December 2021,1062
20 December 2021,2926
21 December 2021,2544
22 December 2021,2281
23 December 2021,1734
24 December 2021,560
25 December 2021,563
26 December 2021,482
27 December 2021,1264
28 December 2021,1295
29 December 2021,1311
30 December 2021,1689
31 December 2021,1475
1 January 2022,1078
2 January 2022,1090
3 January 2022,2108
4 January 2022,1738
5 January 2022,2150
6 January 2022,989
7 January 2022,1728
8 January 2022,1230
9 January 2022,1063
10 January 2022,3088
11 January 2022,3109
12 January 2022,3013
13 January 2022,3075
14 January 2022,2877
15 January 2022,1267
16 January 2022,1046
17 January 2022,3148
18 January 2022,3492
19 January 2022,3264
20 January 2022,2929
21 January 2022,2854
22 January 2022,1598
23 January 2022,1328
24 January 2022,3174
25 January 2022,3214
26 January 2022,2921
27 January 2022,2880
28 January 2022,2710
29 January 2022,1482
30 January 2022,1235
31 January 2022,2542
1 February 2022,2734
2 February 2022,2727
3 February 2022,3300
4 February 2022,2844
5 February 2022,1703
6 February 2022,799
7 February 2022,3007
8 February 2022,3413
9 February 2022,3662
10 February 2022,3408
11 February 2022,3022
12 February 2022,1886
13 February 2022,1688
14 February 2022,2903
15 February 2022,2991
16 February 2022,2865
17 February 2022,2821
18 February 2022,2955
19 February 2022,1891
20 February 2022,1115
21 February 2022,2773
22 February 2022,3112
23 February 2022,3669
24 February 2022,3478
25 February 2022,2734
26 February 2022,2096
27 February 2022,1511
28 February 2022,2903
1 March 2022,3146
2 March 2022,3115
3 March 2022,3319
4 March 2022,2935
5 March 2022,1956
6 March 2022,1686
7 March 2022,3439
8 March 2022,3612
9 March 2022,3691
10 March 2022,3409
11 March 2022,3211
12 March 2022,2298
13 March 2022,1745
14 March 2022,3480
15 March 2022,3142
16 March 2022,3426
17 March 2022,3334
18 March 2022,2826
19 March 2022,2073
20 March 2022,1773
21 March 2022,3430
22 March 2022,3768
23 March 2022,3808
24 March 2022,3870
25 March 2022,3633
26 March 2022,2405
27 March 2022,2248
28 March 2022,3894
29 March 2022,3913
30 March 2022,3005
31 March 2022,2715
1 April 2022,1913
2 April 2022,1256
3 April 2022,1370
4 April 2022,3128
5 April 2022,3286
6 April 2022,3551
7 April 2022,2794
8 April 2022,2220
9 April 2022,1611
10 April 2022,1733
11 April 2022,3988
12 April 2022,4237
13 April 2022,4282
14 April 2022,3612
15 April 2022,2072
16 April 2022,2342
17 April 2022,1675
18 April 2022,1850
19 April 2022,3438
20 April 2022,3623
21 April 2022,3861
22 April 2022,3440
23 April 2022,2422
24 April 2022,1066
25 April 2022,3222
26 April 2022,3740
27 April 2022,4573
28 April 2022,4810
29 April 2022,4282
30 April 2022,2406
1 May 2022,2522
2 May 2022,4501
3 May 2022,4518
4 May 2022,4475
5 May 2022,3234
6 May 2022,3519
7 May 2022,3260
8 May 2022,2163
9 May 2022,4849
10 May 2022,5443
11 May 2022,5486
12 May 2022,4819
13 May 2022,3992
14 May 2022,3289
15 May 2022,2977
16 May 2022,4351
17 May 2022,5582
18 May 2022,5527
19 May 2022,5176
20 May 2022,4615
21 May 2022,3179
22 May 2022,2755
23 May 2022,4072
24 May 2022,4740
25 May 2022,5195
26 May 2022,2643
27 May 2022,3387
28 May 2022,2686
29 May 2022,2345
30 May 2022,4859
31 May 2022,4997
1 June 2022,4871
2 June 2022,4745
3 June 2022,4050
4 June 2022,2425
5 June 2022,1566
6 June 2022,2070
7 June 2022,2902
8 June 2022,2913
9 June 2022,2747
10 June 2022,3423
11 June 2022,2386
12 June 2022,2283
13 June 2022,3849
14 June 2022,4078
15 June 2022,4002
16 June 2022,2509
17 June 2022,3326
18 June 2022,2379
19 June 2022,2209
20 June 2022,4506
21 June 2022,4961
22 June 2022,3689
23 June 2022,4827
24 June 2022,3807
25 June 2022,2968
26 June 2022,2424
27 June 2022,3765
28 June 2022,4778
29 June 2022,5035
30 June 2022,4551
1 July 2022,3526
2 July 2022,2836
3 July 2022,2525
4 July 2022,4748
5 July 2022,5345
6 July 2022,5407
7 July 2022,5258
8 July 2022,4761
9 July 2022,3109
10 July 2022,2806
11 July 2022,5073
12 July 2022,5417
13 July 2022,5189
14 July 2022,5102
15 July 2022,4734
16 July 2022,3351
17 July 2022,2763
18 July 2022,4903
19 July 2022,5029
20 July 2022,4495
21 July 2022,5077
22 July 2022,5002
23 July 2022,3603
24 July 2022,2832
25 July 2022,4980
26 July 2022,5456
27 July 2022,5425
28 July 2022,5022
29 July 2022,4387
30 July 2022,2805
31 July 2022,2460
1 August 2022,4325
2 August 2022,4761
3 August 2022,4517
4 August 2022,4220
5 August 2022,3691
6 August 2022,2486
7 August 2022,2328
8 August 2022,3892
9 August 2022,4360
10 August 2022,4219
11 August 2022,4110
12 August 2022,4007
13 August 2022,2306
14 August 2022,1861
15 August 2022,3065
16 August 2022,3868
17 August 2022,2839
18 August 2022,2644
19 August 2022,2607
20 August 2022,1595
21 August 2022,1914
22 August 2022,3514
23 August 2022,3716
24 August 2022,3789
25 August 2022,3540
26 August 2022,3402
27 August 2022,1695
28 August 2022,1852
29 August 2022,3527
30 August 2022,3777
31 August 2022,3208
1 September 2022,3974
2 September 2022,3563
3 September 2022,1767
4 September 2022,2210
5 September 2022,4209
6 September 2022,4191
7 September 2022,4211
8 September 2022,4271
9 September 2022,3830
10 September 2022,1843
11 September 2022,2883
12 September 2022,4921
13 September 2022,5105
14 September 2022,3932
15 September 2022,3520
16 September 2022,3341
17 September 2022,1791
18 September 2022,1749
19 September 2022,4582
20 September 2022,4770
21 September 2022,4660
22 September 2022,4476
23 September 2022,4243
24 September 2022,2005
25 September 2022,1672
26 September 2022,3717
27 September 2022,3424
28 September 2022,3129
29 September 2022,3669
30 September 2022,3757
1 October 2022,1746
2 October 2022,1224
3 October 2022,1675
4 October 2022,4512
5 October 2022,4818
6 October 2022,5057
7 October 2022,4289
8 October 2022,2388
9 October 2022,1950
10 October 2022,4576
11 October 2022,4437
12 October 2022,4787
13 October 2022,4430
14 October 2022,3647
15 October 2022,1754
16 October 2022,2356
17 October 2022,5015
18 October 2022,5459
19 October 2022,5395
20 October 2022,4617
21 October 2022,2743
22 October 2022,3222
23 October 2022,2394
24 October 2022,3727
25 October 2022,5096
26 October 2022,5137
27 October 2022,5502
28 October 2022,4547
29 October 2022,2647
30 October 2022,2094
31 October 2022,3373
1 November 2022,1884
2 November 2022,4297
3 November 2022,4076
4 November 2022,3528
5 November 2022,1997
6 November 2022,2291
7 November 2022,4603
8 November 2022,5134
9 November 2022,3877
10 November 2022,4894
11 November 2022,4269
12 November 2022,2013
13 November 2022,2029
14 November 2022,4085
15 November 2022,4334
16 November 2022,4522
17 November 2022,3954
18 November 2022,3654
19 November 2022,1912
20 November 2022,1460
21 November 2022,4100
22 November 2022,4346
23 November 2022,4116
24 November 2022,4078
25 November 2022,3522
26 November 2022,2111
27 November 2022,1612
28 November 2022,3775
29 November 2022,4042
30 November 2022,4112
1 December 2022,4085
2 December 2022,3442
3 December 2022,1686
4 December 2022,1100
5 December 2022,3799
6 December 2022,4096
7 December 2022,4009
8 December 2022,3849
9 December 2022,3038
10 December 2022,1136
11 December 2022,846
12 December 2022,2592
13 December 2022,2689
14 December 2022,1286
15 December 2022,1514
16 December 2022,1679
17 December 2022,939
18 December 2022,742
19 December 2022,2715
20 December 2022,3477
21 December 2022,2744
22 December 2022,2330
23 December 2022,1519
24 December 2022,824
25 December 2022,718
26 December 2022,457
27 December 2022,1483
28 December 2022,1752
29 December 2022,1661
30 December 2022,1672
31 December 2022,1651
1 January 2023,1410
2 January 2023,2261
3 January 2023,2787
4 January 2023,2345
5 January 2023,2574
6 January 2023,1606
7 January 2023,2069
8 January 2023,961
9 January 2023,3546
10 January 2023,4072
11 January 2023,3765
12 January 2023,4030
13 January 2023,3297
14 January 2023,1799
15 January 2023,1259
16 January 2023,3482
17 January 2023,3908
18 January 2023,3177
19 January 2023,3600
20 January 2023,3304
21 January 2023,1484
22 January 2023,1033
23 January 2023,3622
24 January 2023,3965
25 January 2023,4275
26 January 2023,3700
27 January 2023,3268
28 January 2023,1823
29 January 2023,1381
30 January 2023,3543
31 January 2023,3961
1 February 2023,3853
2 February 2023,3785
3 February 2023,3373
4 February 2023,1611
5 February 2023,1152
6 February 2023,3754
7 February 2023,4090
8 February 2023,3962
9 February 2023,3890
10 February 2023,3367
11 February 2023,2362
12 February 2023,1716
13 February 2023,3806
14 February 2023,3664
15 February 2023,3757
16 February 2023,3780
17 February 2023,3144
18 February 2023,1707
19 February 2023,1290
20 February 2023,3040
21 February 2023,3502
22 February 2023,3482
23 February 2023,3306
24 February 2023,2732
25 February 2023,1645
26 February 2023,1704
27 February 2023,3461
28 February 2023,3708
1 March 2023,3631
2 March 2023,3602
3 March 2023,3953
4 March 2023,1770
5 March 2023,1390
6 March 2023,3787
7 March 2023,3858
8 March 2023,3379
9 March 2023,3861
10 March 2023,2686
11 March 2023,1930
12 March 2023,2114
13 March 2023,4010
14 March 2023,3682
15 March 2023,4037
16 March 2023,4837
17 March 2023,3970
18 March 2023,2394
19 March 2023,1590
20 March 2023,4130
21 March 2023,4458
22 March 2023,4790
23 March 2023,4796
24 March 2023,3031
25 March 2023,2090
26 March 2023,1975
27 March 2023,4467
28 March 2023,4555
29 March 2023,4475
30 March 2023,3728
31 March 2023,3004
1 April 2023,2061
2 April 2023,1471
3 April 2023,3748
4 April 2023,4061
5 April 2023,3976
6 April 2023,3447
7 April 2023,1118
8 April 2023,2016
9 April 2023,1681
10 April 2023,1798
11 April 2023,3124
12 April 2023,2990
13 April 2023,3426
14 April 2023,3826
15 April 2023,2246
16 April 2023,1257
17 April 2023,4658
18 April 2023,5183
19 April 2023,4902
20 April 2023,4917
21 April 2023,4483
22 April 2023,2755
23 April 2023,3001
24 April 2023,4637
25 April 2023,3963
26 April 2023,5291
27 April 2023,5428
28 April 2023,3239
29 April 2023,2822
30 April 2023,2599
1 May 2023,1930
2 May 2023,5998
3 May 2023,5901
4 May 2023,6042
5 May 2023,4026
6 May 2023,3774
7 May 2023,2252
8 May 2023,4573
9 May 2023,4590
10 May 2023,4665
11 May 2023,4537
12 May 2023,4365
13 May 2023,2810
14 May 2023,2354
15 May 2023,5017
16 May 2023,3561
17 May 2023,5180
18 May 2023,2800
19 May 2023,4068
20 May 2023,2677
21 May 2023,2551
22 May 2023,5260
23 May 2023,5502
24 May 2023,5544
25 May 2023,5684
26 May 2023,4893
27 May 2023,2835
28 May 2023,2551
29 May 2023,2583
30 May 2023,4246
31 May 2023,4336
1 June 2023,4423
2 June 2023,4079
3 June 2023,2706
4 June 2023,2476
5 June 2023,4360
6 June 2023,4710
7 June 2023,4630
8 June 2023,2833
9 June 2023,3790
10 June 2023,2718
11 June 2023,2925
12 June 2023,5962
13 June 2023,6414
14 June 2023,6427
15 June 2023,6330
16 June 2023,5718
17 June 2023,3725
18 June 2023,3323
19 June 2023,5744
20 June 2023,6111
21 June 2023,6044
22 June 2023,5780
23 June 2023,5570
24 June 2023,3730
25 June 2023,3429
26 June 2023,6100
27 June 2023,6526
28 June 2023,6505
29 June 2023,6293
30 June 2023,3560
1 July 2023,2868
2 July 2023,3106
3 July 2023,5967
4 July 2023,6433
5 July 2023,5668
6 July 2023,6354
7 July 2023,5830
8 July 2023,3148
9 July 2023,2869
10 July 2023,5529
11 July 2023,5952
12 July 2023,5934
13 July 2023,6658
14 July 2023,5793
15 July 2023,3381
16 July 2023,3003
17 July 2023,6296
18 July 2023,6054
19 July 2023,6635
20 July 2023,6436
21 July 2023,5908
22 July 2023,4226
23 July 2023,3311
24 July 2023,4695
25 July 2023,4567
26 July 2023,5432
27 July 2023,5538
28 July 2023,4309
29 July 2023,2497
30 July 2023,2543
31 July 2023,5146
1 August 2023,3667
2 August 2023,3867
3 August 2023,4413
4 August 2023,3478
5 August 2023,3032
6 August 2023,996
7 August 2023,3792
8 August 2023,4581
9 August 2023,4268
10 August 2023,4695
11 August 2023,4236
12 August 2023,2260
13 August 2023,2305
14 August 2023,3977
15 August 2023,4443
16 August 2023,4272
17 August 2023,4190
18 August 2023,3594
19 August 2023,2166
20 August 2023,2016
21 August 2023,3872
22 August 2023,4109
23 August 2023,4154
24 August 2023,3822
25 August 2023,2748
26 August 2023,2073
27 August 2023,1408
28 August 2023,2860
29 August 2023,3409
30 August 2023,4115
31 August 2023,3968
1 September 2023,3690
2 September 2023,2779
3 September 2023,2455
4 September 2023,4563
5 September 2023,4997
6 September 2023,5088
7 September 2023,5005
8 September 2023,4763
9 September 2023,3200
10 September 2023,2583
11 September 2023,5547
12 September 2023,5793
13 September 2023,4647
14 September 2023,5164
15 September 2023,4928
16 September 2023,3335
17 September 2023,2632
18 September 2023,3795
19 September 2023,5227
20 September 2023,5740
21 September 2023,4946
22 September 2023,3884
23 September 2023,2633
24 September 2023,2530
25 September 2023,5052
26 September 2023,5369
27 September 2023,5393
28 September 2023,5534
29 September 2023,4815
30 September 2023,2716
1 October 2023,3229
2 October 2023,3849
3 October 2023,2055
4 October 2023,5190
5 October 2023,5908
6 October 2023,4657
7 October 2023,2827
8 October 2023,2588
9 October 2023,5506
10 October 2023,5659
11 October 2023,5882
12 October 2023,5596
13 October 2023,5476
14 October 2023,1808
15 October 2023,2099
16 October 2023,5204
17 October 2023,5337
18 October 2023,4697
19 October 2023,4417
20 October 2023,3598
21 October 2023,3330
22 October 2023,2561
23 October 2023,4823
24 October 2023,3739
25 October 2023,4151
26 October 2023,3595
27 October 2023,3622
28 October 2023,2029
29 October 2023,1840
30 October 2023,3579
31 October 2023,3565
1 November 2023,2635
2 November 2023,2892
3 November 2023,3308
4 November 2023,2048
5 November 2023,1209
6 November 2023,4420
7 November 2023,4547
8 November 2023,4957
9 November 2023,4657
10 November 2023,3833
11 November 2023,1975
12 November 2023,1076
13 November 2023,3573
14 November 2023,3905
15 November 2023,4289
16 November 2023,3913
17 November 2023,3079
18 November 2023,1803
19 November 2023,1642
20 November 2023,4432
21 November 2023,4043
22 November 2023,4173
23 November 2023,4342
24 November 2023,3289
25 November 2023,1891
26 November 2023,1268
27 November 2023,3587
28 November 2023,3629
29 November 2023,4056
30 November 2023,3608
1 December 2023,2712
2 December 2023,1075
3 December 2023,930
4 December 2023,3077
5 December 2023,3666
6 December 2023,3634
7 December 2023,3735
8 December 2023,2843
9 December 2023,1505
10 December 2023,1374
11 December 2023,3619
12 December 2023,3256
13 December 2023,3524
14 December 2023,3395
15 December 2023,3421
16 December 2023,1909
17 December 2023,2014
18 December 2023,3890
19 December 2023,3950
20 December 2023,3647
21 December 2023,3059
22 December 2023,2172
23 December 2023,1050
24 December 2023,548
25 December 2023,718
26 December 2023,822
27 December 2023,1611
28 December 2023,1489
29 December 2023,1653
30 December 2023,1543
31 December 2023,913
1 January 2024,959
2 January 2024,1743
3 January 2024,2118
4 January 2024,2615
5 January 2024,2420
6 January 2024,1355
7 January 2024,1080
8 January 2024,4039
9 January 2024,3817
10 January 2024,2766
11 January 2024,3235
12 January 2024,2843
13 January 2024,1532
14 January 2024,1089
15 January 2024,3506
16 January 2024,3750
17 January 2024,1903
18 January 2024,2921
19 January 2024,2943
20 January 2024,1777
21 January 2024,1576
22 January 2024,3493
23 January 2024,3986
24 January 2024,3578
25 January 2024,3643
26 January 2024,3287
27 January 2024,2147
28 January 2024,1838
29 January 2024,4132
30 January 2024,4352
31 January 2024,4419
1 February 2024,3782
2 February 2024,4768
3 February 2024,3161
4 February 2024,1868
5 February 2024,4554
6 February 2024,4425
7 February 2024,4053
8 February 2024,3944
9 February 2024,3183
10 February 2024,1852
11 February 2024,1510
12 February 2024,3007
13 February 2024,3928
14 February 2024,3945
15 February 2024,3891
16 February 2024,3648
17 February 2024,1773
18 February 2024,2368
19 February 2024,4188
20 February 2024,4726
21 February 2024,4722
22 February 2024,3936
23 February 2024,3950
24 February 2024,2228
25 February 2024,2064
26 February 2024,4309
27 February 2024,4537
28 February 2024,4734
29 February 2024,5790
1 March 2024,5751
2 March 2024,2771
3 March 2024,2143
4 March 2024,4575
5 March 2024,4330
