Datum,Stunde,Fleher Deich Ost stromaufwaerts,Wetter,Temperatur,Luftfeuchtigkeit,Wolken,Gefuehlte Temperatur,Regen,Wind
28.11.2013,00:00:00,,Nieselregen,4,95,90,1,0,13
28.11.2013,01:00:00,,Nieselregen,4,95,93,1,0,13
28.11.2013,02:00:00,,Nieselregen,4,95,95,1,0,13
28.11.2013,03:00:00,,Nieselregen,4,95,97,1,0,13
28.11.2013,04:00:00,,Nieselregen,4,95,95,1,0,12
28.11.2013,05:00:00,,Nieselregen,4,95,94,1,0,11
28.11.2013,06:00:00,,Nieselregen,4,96,93,1,0,11
28.11.2013,07:00:00,,Nieselregen,4,96,92,2,0,10
28.11.2013,08:00:00,,Nieselregen,4,96,91,2,0,10
28.11.2013,09:00:00,,Nieselregen,5,97,90,3,0,10
28.11.2013,10:00:00,,Nieselregen,5,97,89,3,0,9
28.11.2013,11:00:00,,Nieselregen,6,97,88,4,0,9
28.11.2013,12:00:00,,Nieselregen,7,97,86,5,0,8
28.11.2013,13:00:00,,Nieselregen,7,97,85,5,0,8
28.11.2013,14:00:00,,Nieselregen,7,97,84,6,0,9
28.11.2013,15:00:00,,Nieselregen,7,97,83,6,0,9
28.11.2013,16:00:00,,Nieselregen,7,96,81,5,0,9
28.11.2013,17:00:00,,BewÃ¶lkt,7,95,79,5,0,9
28.11.2013,18:00:00,,BewÃ¶lkt,7,94,77,5,0,9
28.11.2013,19:00:00,,BewÃ¶lkt,6,93,74,4,0,8
28.11.2013,20:00:00,,BewÃ¶lkt,6,93,70,4,0,8
28.11.2013,21:00:00,,BewÃ¶lkt,5,92,67,4,0,8
28.11.2013,22:00:00,,BewÃ¶lkt,5,92,70,3,0,8
28.11.2013,23:00:00,,BewÃ¶lkt,5,91,74,3,0,8
29.11.2013,00:00:00,,BewÃ¶lkt,4,91,77,2,0,8
29.11.2013,01:00:00,,BewÃ¶lkt,4,90,78,2,0,8
29.11.2013,02:00:00,,BewÃ¶lkt,4,90,78,2,0,8
29.11.2013,03:00:00,,BewÃ¶lkt,4,90,79,1,0,8
29.11.2013,04:00:00,,BewÃ¶lkt,4,90,80,1,0,9
29.11.2013,05:00:00,,BewÃ¶lkt,3,91,81,1,0,10
29.11.2013,06:00:00,,BewÃ¶lkt,3,91,82,1,0,11
29.11.2013,07:00:00,,BewÃ¶lkt,4,92,82,1,0,12
29.11.2013,08:00:00,,BewÃ¶lkt,4,92,82,1,0,13
29.11.2013,09:00:00,,BewÃ¶lkt,5,92,82,1,0,15
29.11.2013,10:00:00,,BewÃ¶lkt,5,93,85,2,0,17
29.11.2013,11:00:00,,Leichter Regenfall,6,95,89,2,0,19
29.11.2013,12:00:00,,Leichter Regenfall,6,96,93,3,0,21
29.11.2013,13:00:00,,Leichter Regenfall,6,96,96,3,0,23
29.11.2013,14:00:00,,Leichter Regenfall,7,96,98,3,0,25
29.11.2013,15:00:00,,Leichter Regenfall,7,97,100,3,0,27
29.11.2013,16:00:00,,Leichter Regenfall,6,97,85,2,0,26
29.11.2013,17:00:00,,Stellenweiser Regenfall,6,97,71,2,1,25
29.11.2013,18:00:00,,Stellenweiser Regenfall,6,97,56,2,1,24
29.11.2013,19:00:00,,Stellenweiser Regenfall,6,97,50,1,0,23
29.11.2013,20:00:00,,Leicht bewÃ¶lkt,5,96,44,1,0,22
29.11.2013,21:00:00,,Leicht bewÃ¶lkt,5,95,38,1,0,21
29.11.2013,22:00:00,,Leicht bewÃ¶lkt,5,94,49,0,0,21
29.11.2013,23:00:00,,BewÃ¶lkt,4,94,60,0,0,21
30.11.2013,00:00:00,,BewÃ¶lkt,4,94,71,0,0,20
30.11.2013,01:00:00,,BewÃ¶lkt,4,94,71,-1,0,20
30.11.2013,02:00:00,,BewÃ¶lkt,3,94,71,-1,0,20
30.11.2013,03:00:00,,BewÃ¶lkt,3,94,71,-1,0,21
30.11.2013,04:00:00,,BewÃ¶lkt,3,94,71,-1,0,19
30.11.2013,05:00:00,,BewÃ¶lkt,3,95,71,-1,0,18
30.11.2013,06:00:00,,BewÃ¶lkt,3,96,71,-1,0,17
30.11.2013,07:00:00,,BewÃ¶lkt,4,95,75,0,0,15
30.11.2013,08:00:00,,BewÃ¶lkt,4,95,78,1,0,13
30.11.2013,09:00:00,,BewÃ¶lkt,5,95,81,2,0,12
30.11.2013,10:00:00,,BewÃ¶lkt,5,93,69,3,0,12
30.11.2013,11:00:00,,Leicht bewÃ¶lkt,6,91,57,4,0,11
30.11.2013,12:00:00,,Leicht bewÃ¶lkt,7,90,45,4,0,11
30.11.2013,13:00:00,,Leicht bewÃ¶lkt,7,90,45,5,0,11
30.11.2013,14:00:00,,Leicht bewÃ¶lkt,7,91,46,5,0,10
30.11.2013,15:00:00,,Leicht bewÃ¶lkt,7,92,46,5,0,10
30.11.2013,16:00:00,,Leicht bewÃ¶lkt,7,93,52,5,0,10
30.11.2013,17:00:00,,Leichter Nebel,6,94,57,5,0,9
30.11.2013,18:00:00,,Leichter Nebel,6,95,63,5,0,9
30.11.2013,19:00:00,,Leichter Nebel,6,94,66,4,0,8
30.11.2013,20:00:00,,BewÃ¶lkt,5,94,69,4,0,8
30.11.2013,21:00:00,,BewÃ¶lkt,5,94,73,3,0,7
30.11.2013,22:00:00,,BewÃ¶lkt,5,93,71,3,0,7
30.11.2013,23:00:00,,BewÃ¶lkt,4,93,70,2,0,8
01.12.2013,00:00:00,,BewÃ¶lkt,4,93,69,2,0,8
01.12.2013,01:00:00,,BewÃ¶lkt,3,93,65,1,0,8
01.12.2013,02:00:00,,Leichter Nebel,3,94,62,1,0,8
01.12.2013,03:00:00,,Leichter Nebel,3,94,58,1,0,8
01.12.2013,04:00:00,,Leichter Nebel,3,94,56,1,0,8
01.12.2013,05:00:00,,Leichter Nebel,3,95,53,1,0,7
01.12.2013,06:00:00,,Leichter Nebel,3,95,51,1,0,7
01.12.2013,07:00:00,,Leichter Nebel,3,95,54,2,0,7
01.12.2013,08:00:00,,BewÃ¶lkt,4,94,57,2,0,7
01.12.2013,09:00:00,,BewÃ¶lkt,5,93,61,3,0,7
01.12.2013,10:00:00,,BewÃ¶lkt,5,92,63,4,0,7
01.12.2013,11:00:00,,BewÃ¶lkt,6,90,65,4,0,8
01.12.2013,12:00:00,,BewÃ¶lkt,7,89,66,5,0,8
01.12.2013,13:00:00,,BewÃ¶lkt,7,90,68,5,0,8
01.12.2013,14:00:00,,BewÃ¶lkt,7,91,70,5,0,8
01.12.2013,15:00:00,,BewÃ¶lkt,7,92,72,5,0,8
01.12.2013,16:00:00,,BewÃ¶lkt,6,93,73,5,0,8
01.12.2013,17:00:00,,Leichter Nebel,6,94,74,5,0,8
01.12.2013,18:00:00,,Leichter Nebel,6,96,75,4,0,7
01.12.2013,19:00:00,,Leichter Nebel,5,96,81,4,0,7
01.12.2013,20:00:00,,Nebel,5,97,86,3,0,7
01.12.2013,21:00:00,,Nebel,5,98,92,3,0,7
01.12.2013,22:00:00,,Nebel,5,97,87,3,0,7
01.12.2013,23:00:00,,Leichter Nebel,5,97,82,3,0,8
02.12.2013,00:00:00,,Leichter Nebel,5,97,77,3,0,9
02.12.2013,01:00:00,,Leichter Nebel,5,97,66,3,0,9
02.12.2013,02:00:00,,Leichter Nebel,5,96,55,2,0,10
02.12.2013,03:00:00,,Leichter Nebel,4,96,43,2,0,10
02.12.2013,04:00:00,,Leichter Nebel,4,96,40,2,0,10
02.12.2013,05:00:00,,Leichter Nebel,4,96,37,1,0,10
02.12.2013,06:00:00,,Leichter Nebel,4,96,33,1,0,10
02.12.2013,07:00:00,,Leichter Nebel,4,95,29,1,0,9
02.12.2013,08:00:00,,Sonnig,4,94,24,2,0,9
02.12.2013,09:00:00,,Sonnig,4,94,20,2,0,8
02.12.2013,10:00:00,,Sonnig,5,91,16,3,0,8
02.12.2013,11:00:00,,Sonnig,6,88,12,4,0,8
02.12.2013,12:00:00,,Sonnig,7,85,8,5,0,8
02.12.2013,13:00:00,,Sonnig,6,86,7,5,0,9
02.12.2013,14:00:00,,Sonnig,6,86,5,4,0,9
02.12.2013,15:00:00,,Sonnig,6,87,4,4,0,10
02.12.2013,16:00:00,,Sonnig,5,88,11,3,0,10
02.12.2013,17:00:00,,Leicht bewÃ¶lkt,4,89,18,2,0,10
02.12.2013,18:00:00,,Leicht bewÃ¶lkt,3,90,26,1,0,10
02.12.2013,19:00:00,,Leicht bewÃ¶lkt,3,90,28,0,0,9
02.12.2013,20:00:00,,Leicht bewÃ¶lkt,2,89,31,0,0,9
02.12.2013,21:00:00,,Leicht bewÃ¶lkt,2,89,33,-1,0,9
02.12.2013,22:00:00,,Leicht bewÃ¶lkt,1,88,35,-1,0,9
02.12.2013,23:00:00,,Leicht bewÃ¶lkt,1,88,37,-1,0,9
03.12.2013,00:00:00,,Leicht bewÃ¶lkt,1,87,39,-2,0,10
03.12.2013,01:00:00,,Leicht bewÃ¶lkt,1,87,42,-2,0,10
03.12.2013,02:00:00,,Leicht bewÃ¶lkt,1,87,45,-2,0,10
03.12.2013,03:00:00,,Leicht bewÃ¶lkt,1,87,48,-2,0,10
03.12.2013,04:00:00,,Leicht bewÃ¶lkt,1,87,45,-2,0,10
03.12.2013,05:00:00,,Leicht bewÃ¶lkt,1,87,42,-2,0,10
03.12.2013,06:00:00,,Leicht bewÃ¶lkt,1,86,39,-2,0,10
03.12.2013,07:00:00,,Leicht bewÃ¶lkt,1,84,37,-2,0,9
03.12.2013,08:00:00,,Leicht bewÃ¶lkt,1,82,35,-2,0,9
03.12.2013,09:00:00,,Leicht bewÃ¶lkt,1,79,33,-1,0,9
03.12.2013,10:00:00,,Leicht bewÃ¶lkt,2,76,34,0,0,8
03.12.2013,11:00:00,,Leicht bewÃ¶lkt,3,73,36,1,0,8
03.12.2013,12:00:00,,Leicht bewÃ¶lkt,5,69,37,3,0,8
03.12.2013,13:00:00,,Leicht bewÃ¶lkt,4,72,44,3,0,7
03.12.2013,14:00:00,,BewÃ¶lkt,4,75,52,3,0,7
03.12.2013,15:00:00,,BewÃ¶lkt,4,78,59,3,0,6
03.12.2013,16:00:00,,BewÃ¶lkt,3,81,55,2,0,6
03.12.2013,17:00:00,,Leicht bewÃ¶lkt,2,84,51,1,0,6
03.12.2013,18:00:00,,Leicht bewÃ¶lkt,2,87,47,0,0,6
03.12.2013,19:00:00,,Leicht bewÃ¶lkt,1,88,44,-1,0,6
03.12.2013,20:00:00,,Leicht bewÃ¶lkt,1,89,41,-1,0,7
03.12.2013,21:00:00,,Leicht bewÃ¶lkt,0,90,38,-2,0,7
03.12.2013,22:00:00,,Leicht bewÃ¶lkt,1,90,33,-2,0,8
03.12.2013,23:00:00,,Sonnig,1,91,28,-2,0,9
04.12.2013,00:00:00,,Sonnig,1,92,23,-2,0,9
04.12.2013,01:00:00,,Sonnig,1,93,22,-3,0,10
04.12.2013,02:00:00,,Sonnig,0,93,21,-3,0,11
04.12.2013,03:00:00,,Sonnig,0,94,21,-3,0,11
04.12.2013,04:00:00,,Sonnig,0,94,31,-4,0,12
04.12.2013,05:00:00,,BewÃ¶lkt,0,95,42,-4,0,12
04.12.2013,06:00:00,,BewÃ¶lkt,0,96,52,-4,0,13
04.12.2013,07:00:00,,BewÃ¶lkt,0,95,57,-4,0,14
04.12.2013,08:00:00,,BewÃ¶lkt,1,94,62,-3,0,14
04.12.2013,09:00:00,,BewÃ¶lkt,2,93,66,-3,0,15
04.12.2013,10:00:00,,BewÃ¶lkt,2,92,69,-2,0,16
04.12.2013,11:00:00,,BewÃ¶lkt,3,92,72,-1,0,17
04.12.2013,12:00:00,,BewÃ¶lkt,3,91,74,-1,0,18
04.12.2013,13:00:00,,BewÃ¶lkt,4,91,78,0,0,18
04.12.2013,14:00:00,,Nieselregen,4,92,82,0,0,19
04.12.2013,15:00:00,,Nieselregen,4,92,86,0,0,19
04.12.2013,16:00:00,,Nieselregen,4,94,86,0,0,19
04.12.2013,17:00:00,,Leichter Regenfall,4,95,87,0,0,18
04.12.2013,18:00:00,,Leichter Regenfall,3,96,88,-1,0,18
04.12.2013,19:00:00,,Leichter Regenfall,3,96,75,-1,0,16
04.12.2013,20:00:00,,Leichter Nebel,2,97,62,-1,0,15
04.12.2013,21:00:00,,Leichter Nebel,2,97,49,-2,0,13
04.12.2013,22:00:00,,Leichter Nebel,2,96,40,-2,0,13
04.12.2013,23:00:00,,Leichter Nebel,2,96,31,-2,0,12
05.12.2013,00:00:00,,Leichter Nebel,2,95,21,-2,0,12
05.12.2013,01:00:00,,Leichter Nebel,1,94,26,-2,0,12
05.12.2013,02:00:00,,Leicht bewÃ¶lkt,1,94,31,-3,0,12
05.12.2013,03:00:00,,Leicht bewÃ¶lkt,1,94,36,-3,0,13
05.12.2013,04:00:00,,Leicht bewÃ¶lkt,1,94,38,-3,0,14
05.12.2013,05:00:00,,Leicht bewÃ¶lkt,1,93,39,-3,0,15
05.12.2013,06:00:00,,Leicht bewÃ¶lkt,1,93,40,-4,0,17
05.12.2013,07:00:00,,Leicht bewÃ¶lkt,1,92,46,-3,0,18
05.12.2013,08:00:00,,BewÃ¶lkt,2,91,52,-3,0,20
05.12.2013,09:00:00,,BewÃ¶lkt,2,90,58,-3,0,22
05.12.2013,10:00:00,,BewÃ¶lkt,3,87,56,-2,0,25
05.12.2013,11:00:00,,Leicht bewÃ¶lkt,3,84,55,-2,0,28
05.12.2013,12:00:00,,Leicht bewÃ¶lkt,4,81,53,-1,0,31
05.12.2013,13:00:00,,Leicht bewÃ¶lkt,4,81,63,-1,0,34
05.12.2013,14:00:00,,Nieselregen,5,81,72,-1,0,38
05.12.2013,15:00:00,,Nieselregen,5,82,82,-1,0,41
05.12.2013,16:00:00,,Nieselregen,4,85,82,-1,0,40
05.12.2013,17:00:00,,Stellenweiser leichter Regenfall,4,89,82,-2,0,39
05.12.2013,18:00:00,,Stellenweiser leichter Regenfall,4,93,82,-2,1,39
05.12.2013,19:00:00,,Stellenweiser leichter Regenfall,3,92,80,-3,1,36
05.12.2013,20:00:00,,Leichter Regenschauer,3,91,77,-3,0,33
05.12.2013,21:00:00,,Leichter Regenschauer,2,90,75,-3,0,30
05.12.2013,22:00:00,,Leichter Regenschauer,2,88,69,-4,0,30
05.12.2013,23:00:00,,Leichte Schneeschauer,2,85,63,-4,0,30
06.12.2013,00:00:00,,Leichte Schneeschauer,2,82,56,-4,0,29
06.12.2013,01:00:00,,Leichte Schneeschauer,2,81,55,-4,0,29
06.12.2013,02:00:00,,Leichte Schneeschauer,2,81,54,-4,0,30
06.12.2013,03:00:00,,Leichte Schneeschauer,2,80,53,-4,0,30
06.12.2013,04:00:00,,Leichte Schneeschauer,2,80,59,-4,0,30
06.12.2013,05:00:00,,Leichte Schneeschauer,2,81,65,-4,0,31
06.12.2013,06:00:00,,Leichte Schneeschauer,2,81,71,-4,0,31
06.12.2013,07:00:00,,Leichte Schneeschauer,2,81,74,-4,0,31
06.12.2013,08:00:00,,Leichte Schneeschauer,3,81,76,-3,0,31
06.12.2013,09:00:00,,Leichte Schneeschauer,3,82,78,-3,0,31
06.12.2013,10:00:00,,Leichte Schneeschauer,3,81,78,-2,0,31
06.12.2013,11:00:00,,Leichter Schneefall,4,81,78,-2,0,31
06.12.2013,12:00:00,,Leichter Schneefall,4,80,78,-1,0,31
06.12.2013,13:00:00,,Leichter Schneefall,4,80,83,-1,0,31
06.12.2013,14:00:00,,Leichte Eisregen,5,80,88,-1,0,31
06.12.2013,15:00:00,,Leichte Eisregen,5,80,93,0,0,30
06.12.2013,16:00:00,,Leichte Eisregen,4,81,92,-1,0,30
06.12.2013,17:00:00,,Leichter Schneefall,4,83,91,-1,0,29
06.12.2013,18:00:00,,Leichter Schneefall,4,84,90,-1,0,28
06.12.2013,19:00:00,,Leichter Schneefall,3,85,88,-2,0,27
06.12.2013,20:00:00,,Leichter Schneefall,3,86,87,-2,0,26
06.12.2013,21:00:00,,Leichter Schneefall,3,87,85,-2,0,25
06.12.2013,22:00:00,,Leichter Schneefall,2,87,83,-3,0,24
06.12.2013,23:00:00,,BewÃ¶lkt,2,88,81,-3,0,23
07.12.2013,00:00:00,,BewÃ¶lkt,1,89,79,-4,0,21
07.12.2013,01:00:00,,BewÃ¶lkt,1,89,80,-4,0,20
07.12.2013,02:00:00,,BewÃ¶lkt,1,90,81,-4,0,19
07.12.2013,03:00:00,,BewÃ¶lkt,0,90,82,-5,0,18
07.12.2013,04:00:00,,BewÃ¶lkt,0,91,83,-5,0,18
07.12.2013,05:00:00,,BewÃ¶lkt,0,91,84,-4,0,17
07.12.2013,06:00:00,,BewÃ¶lkt,0,91,85,-4,0,16
07.12.2013,07:00:00,,BewÃ¶lkt,1,92,83,-4,0,16
07.12.2013,08:00:00,,BewÃ¶lkt,2,92,82,-3,0,15
07.12.2013,09:00:00,,BewÃ¶lkt,2,92,80,-2,0,14
07.12.2013,10:00:00,,BewÃ¶lkt,3,92,82,-1,0,14
07.12.2013,11:00:00,,Bedeckt,3,92,84,0,0,13
07.12.2013,12:00:00,,Bedeckt,4,91,85,1,0,13
07.12.2013,13:00:00,,Bedeckt,4,92,88,1,0,13
07.12.2013,14:00:00,,Leichter Nebel,4,93,92,1,0,12
07.12.2013,15:00:00,,Leichter Nebel,5,94,95,2,0,12
07.12.2013,16:00:00,,Leichter Nebel,4,95,92,1,0,13
07.12.2013,17:00:00,,Leichter Regenfall,4,96,90,1,0,14
07.12.2013,18:00:00,,Leichter Regenfall,4,97,88,0,0,15
07.12.2013,19:00:00,,Leichter Regenfall,3,97,90,-1,0,16
07.12.2013,20:00:00,,Nieselregen,3,98,92,-2,0,16
07.12.2013,21:00:00,,Nieselregen,2,98,94,-2,0,17
07.12.2013,22:00:00,,Nieselregen,2,98,89,-2,0,17
07.12.2013,23:00:00,,BewÃ¶lkt,3,98,84,-1,0,17
08.12.2013,00:00:00,,BewÃ¶lkt,3,97,79,-1,0,17
08.12.2013,01:00:00,,BewÃ¶lkt,3,97,81,-1,0,17
08.12.2013,02:00:00,,Bedeckt,3,97,83,-1,0,17
08.12.2013,03:00:00,,Bedeckt,3,96,85,-1,0,16
08.12.2013,04:00:00,,Bedeckt,3,96,83,0,0,16
08.12.2013,05:00:00,,BewÃ¶lkt,4,96,81,0,0,17
08.12.2013,06:00:00,,BewÃ¶lkt,4,97,79,0,0,17
08.12.2013,07:00:00,,BewÃ¶lkt,4,97,78,0,0,17
08.12.2013,08:00:00,,BewÃ¶lkt,4,97,77,1,0,18
08.12.2013,09:00:00,,BewÃ¶lkt,5,97,76,1,0,18
08.12.2013,10:00:00,,BewÃ¶lkt,5,96,73,2,0,19
08.12.2013,11:00:00,,BewÃ¶lkt,6,95,71,2,0,20
08.12.2013,12:00:00,,BewÃ¶lkt,7,93,68,3,0,21
08.12.2013,13:00:00,,BewÃ¶lkt,7,93,71,3,0,22
08.12.2013,14:00:00,,BewÃ¶lkt,7,93,74,4,0,23
08.12.2013,15:00:00,,BewÃ¶lkt,8,93,78,4,0,24
08.12.2013,16:00:00,,BewÃ¶lkt,7,94,78,4,0,24
08.12.2013,17:00:00,,BewÃ¶lkt,7,94,79,3,0,25
08.12.2013,18:00:00,,BewÃ¶lkt,6,95,79,2,0,25
08.12.2013,19:00:00,,BewÃ¶lkt,6,95,81,2,0,25
08.12.2013,20:00:00,,Bedeckt,5,95,83,1,0,26
08.12.2013,21:00:00,,Bedeckt,5,95,85,0,0,26
08.12.2013,22:00:00,,Bedeckt,5,95,87,0,0,26
08.12.2013,23:00:00,,Bedeckt,5,95,89,0,0,25
09.12.2013,00:00:00,,Bedeckt,5,94,91,0,0,25
09.12.2013,01:00:00,,Bedeckt,5,94,90,0,0,25
09.12.2013,02:00:00,,BewÃ¶lkt,5,93,89,0,0,25
09.12.2013,03:00:00,,BewÃ¶lkt,5,93,87,0,0,25
09.12.2013,04:00:00,,BewÃ¶lkt,5,92,78,0,0,25
09.12.2013,05:00:00,,Leicht bewÃ¶lkt,5,92,68,0,0,25
09.12.2013,06:00:00,,Leicht bewÃ¶lkt,5,91,59,0,0,25
09.12.2013,07:00:00,,Leicht bewÃ¶lkt,5,90,51,1,0,25
09.12.2013,08:00:00,,Leicht bewÃ¶lkt,6,90,44,1,0,24
09.12.2013,09:00:00,,Leicht bewÃ¶lkt,6,89,37,2,0,24
09.12.2013,10:00:00,,Leicht bewÃ¶lkt,6,88,32,2,0,24
09.12.2013,11:00:00,,Sonnig,7,86,27,3,0,23
09.12.2013,12:00:00,,Sonnig,7,85,23,4,0,23
09.12.2013,13:00:00,,Sonnig,7,86,22,4,0,21
09.12.2013,14:00:00,,Sonnig,7,87,21,4,0,20
09.12.2013,15:00:00,,Sonnig,8,88,20,5,0,18
09.12.2013,16:00:00,,Sonnig,7,89,21,4,0,17
09.12.2013,17:00:00,,Leicht bewÃ¶lkt,7,90,23,4,0,15
09.12.2013,18:00:00,,Leicht bewÃ¶lkt,7,91,24,4,0,14
09.12.2013,19:00:00,,Leicht bewÃ¶lkt,7,91,23,4,0,13
09.12.2013,20:00:00,,Sonnig,6,92,22,4,0,12
09.12.2013,21:00:00,,Sonnig,6,92,20,4,0,10
09.12.2013,22:00:00,,Sonnig,6,92,20,4,0,10
09.12.2013,23:00:00,,Sonnig,5,93,19,3,0,9
10.12.2013,00:00:00,,Sonnig,5,93,19,3,0,8
10.12.2013,01:00:00,,Sonnig,5,92,16,3,0,8
10.12.2013,02:00:00,,Sonnig,4,92,14,3,0,8
10.12.2013,03:00:00,,Sonnig,4,92,11,2,0,7
10.12.2013,04:00:00,,Sonnig,4,91,9,3,0,7
10.12.2013,05:00:00,,Sonnig,5,90,7,3,0,8
10.12.2013,06:00:00,,Sonnig,5,90,5,3,0,8
10.12.2013,07:00:00,,Sonnig,5,89,7,3,0,8
10.12.2013,08:00:00,,Sonnig,5,88,8,3,0,8
10.12.2013,09:00:00,,Sonnig,5,87,10,4,0,8
10.12.2013,10:00:00,,Sonnig,6,84,10,5,0,8
10.12.2013,11:00:00,,Sonnig,7,82,10,6,0,8
10.12.2013,12:00:00,,Sonnig,8,79,10,7,0,8
10.12.2013,13:00:00,,Sonnig,8,80,9,7,0,8
10.12.2013,14:00:00,,Sonnig,8,82,9,7,0,8
10.12.2013,15:00:00,,Sonnig,8,83,8,7,0,8
10.12.2013,16:00:00,,Sonnig,7,84,7,6,0,8
10.12.2013,17:00:00,,Sonnig,7,86,6,5,0,9
10.12.2013,18:00:00,,Sonnig,6,87,6,4,0,9
10.12.2013,19:00:00,,Sonnig,6,88,6,4,0,9
10.12.2013,20:00:00,,Sonnig,5,88,6,3,0,9
10.12.2013,21:00:00,,Sonnig,5,88,6,2,0,10
10.12.2013,22:00:00,,Sonnig,5,89,4,2,0,10
10.12.2013,23:00:00,,Sonnig,5,89,3,2,0,10
11.12.2013,00:00:00,,Sonnig,5,89,2,2,0,10
11.12.2013,01:00:00,,Sonnig,4,89,1,2,0,9
11.12.2013,02:00:00,,Sonnig,4,89,1,2,0,9
11.12.2013,03:00:00,,Sonnig,4,89,0,2,0,9
11.12.2013,04:00:00,,Sonnig,4,89,0,2,0,8
11.12.2013,05:00:00,,Sonnig,4,89,0,2,0,8
11.12.2013,06:00:00,,Sonnig,5,89,0,3,0,8
11.12.2013,07:00:00,,Sonnig,5,88,0,3,0,8
11.12.2013,08:00:00,,Sonnig,5,87,0,3,0,9
11.12.2013,09:00:00,,Sonnig,5,87,0,3,0,9
11.12.2013,10:00:00,0,Sonnig,6,85,0,4,0,9
11.12.2013,11:00:00,15,Sonnig,7,83,0,5,0,9
11.12.2013,12:00:00,8,Sonnig,8,81,0,6,0,9
11.12.2013,13:00:00,12,Sonnig,8,82,0,6,0,9
11.12.2013,14:00:00,11,Sonnig,8,83,0,7,0,9
11.12.2013,15:00:00,12,Sonnig,8,85,0,7,0,9
11.12.2013,16:00:00,22,Sonnig,7,86,0,6,0,9
11.12.2013,17:00:00,15,Sonnig,7,88,1,5,0,10
11.12.2013,18:00:00,9,Sonnig,6,89,1,3,0,10
11.12.2013,19:00:00,10,Sonnig,5,89,1,3,0,11
11.12.2013,20:00:00,6,Sonnig,5,89,1,2,0,11
11.12.2013,21:00:00,3,Sonnig,4,90,1,1,0,12
11.12.2013,22:00:00,2,Sonnig,4,90,0,0,0,12
11.12.2013,23:00:00,1,Sonnig,3,90,0,0,0,12
12.12.2013,00:00:00,0,Sonnig,2,90,0,-1,0,13
12.12.2013,01:00:00,0,Sonnig,2,90,0,-1,0,13
12.12.2013,02:00:00,0,Sonnig,2,91,0,-2,0,13
12.12.2013,03:00:00,0,Sonnig,2,91,0,-2,0,13
12.12.2013,04:00:00,0,Sonnig,1,91,0,-2,0,13
12.12.2013,05:00:00,10,Sonnig,1,91,0,-2,0,13
12.12.2013,06:00:00,10,Sonnig,1,91,0,-2,0,13
12.12.2013,07:00:00,20,Sonnig,2,90,1,-2,0,12
12.12.2013,08:00:00,21,Sonnig,2,89,2,-2,0,12
12.12.2013,09:00:00,6,Sonnig,2,88,2,-2,0,12
12.12.2013,10:00:00,3,Sonnig,3,84,3,0,0,12
12.12.2013,11:00:00,20,Sonnig,4,81,5,1,0,12
12.12.2013,12:00:00,18,Sonnig,5,78,6,3,0,11
12.12.2013,13:00:00,6,Sonnig,5,78,7,3,0,11
12.12.2013,14:00:00,12,Sonnig,6,78,8,3,0,11
12.12.2013,15:00:00,14,Sonnig,6,78,9,3,0,11
12.12.2013,16:00:00,16,Sonnig,5,78,11,2,0,11
12.12.2013,17:00:00,14,Sonnig,4,79,14,1,0,11
12.12.2013,18:00:00,5,Sonnig,3,80,16,0,0,11
12.12.2013,19:00:00,8,Sonnig,3,80,16,0,0,11
12.12.2013,20:00:00,4,Sonnig,2,80,15,-1,0,11
12.12.2013,21:00:00,6,Sonnig,2,80,15,-2,0,11
12.12.2013,22:00:00,4,Sonnig,1,78,13,-2,0,11
12.12.2013,23:00:00,2,Sonnig,1,76,12,-3,0,12
13.12.2013,00:00:00,1,Sonnig,0,74,10,-4,0,12
13.12.2013,01:00:00,0,Sonnig,0,72,10,-4,0,12
13.12.2013,02:00:00,0,Sonnig,0,70,10,-4,0,12
13.12.2013,03:00:00,0,Sonnig,0,69,11,-4,0,12
13.12.2013,04:00:00,0,Sonnig,0,68,11,-4,0,11
13.12.2013,05:00:00,7,Sonnig,0,68,11,-4,0,11
13.12.2013,06:00:00,12,Sonnig,0,67,12,-4,0,11
13.12.2013,07:00:00,24,Sonnig,0,67,10,-3,0,11
13.12.2013,08:00:00,16,Sonnig,1,67,9,-3,0,11
13.12.2013,09:00:00,8,Sonnig,1,66,8,-2,0,12
13.12.2013,10:00:00,2,Sonnig,2,64,6,-1,0,11
13.12.2013,11:00:00,8,Sonnig,3,63,5,0,0,11
13.12.2013,12:00:00,10,Sonnig,4,61,3,2,0,10
13.12.2013,13:00:00,19,Sonnig,4,62,3,2,0,10
13.12.2013,14:00:00,18,Sonnig,4,63,2,2,0,10
13.12.2013,15:00:00,16,Sonnig,5,65,1,2,0,10
13.12.2013,16:00:00,10,Sonnig,4,66,1,1,0,11
13.12.2013,17:00:00,10,Sonnig,3,68,0,0,0,11
13.12.2013,18:00:00,8,Sonnig,2,69,0,-1,0,12
13.12.2013,19:00:00,5,Sonnig,2,70,0,-1,0,12
13.12.2013,20:00:00,3,Sonnig,1,70,0,-2,0,12
13.12.2013,21:00:00,3,Sonnig,1,70,0,-3,0,12
13.12.2013,22:00:00,1,Sonnig,1,74,0,-3,0,13
13.12.2013,23:00:00,1,Sonnig,0,77,0,-4,0,13
14.12.2013,00:00:00,2,Sonnig,0,81,0,-4,0,14
14.12.2013,01:00:00,0,Sonnig,0,82,6,-5,0,15
14.12.2013,02:00:00,1,Leicht bewÃ¶lkt,0,84,12,-5,0,15
14.12.2013,03:00:00,0,Leicht bewÃ¶lkt,-1,85,18,-5,0,15
14.12.2013,04:00:00,1,Leicht bewÃ¶lkt,0,86,34,-4,0,15
14.12.2013,05:00:00,2,Leichter Regenfall,1,87,51,-4,0,15
14.12.2013,06:00:00,0,Leichter Regenfall,1,89,68,-3,0,15
14.12.2013,07:00:00,1,Leichter Regenfall,2,91,71,-2,0,15
14.12.2013,08:00:00,2,Stellenweiser Nieselregen,3,93,74,-1,0,15
14.12.2013,09:00:00,0,Stellenweiser Nieselregen,4,95,77,0,0,15
14.12.2013,10:00:00,1,Stellenweiser Nieselregen,4,94,67,1,0,15
14.12.2013,11:00:00,0,Leicht bewÃ¶lkt,5,93,58,1,0,16
14.12.2013,12:00:00,5,Leicht bewÃ¶lkt,5,93,48,2,0,17
14.12.2013,13:00:00,7,Leicht bewÃ¶lkt,5,93,39,2,0,16
14.12.2013,14:00:00,8,Sonnig,5,92,30,1,0,16
14.12.2013,15:00:00,10,Sonnig,5,92,21,1,0,15
14.12.2013,16:00:00,6,Sonnig,4,92,20,0,0,15
14.12.2013,17:00:00,3,Sonnig,3,91,19,0,0,15
14.12.2013,18:00:00,3,Sonnig,2,91,18,-1,0,15
14.12.2013,19:00:00,1,Sonnig,2,90,24,-2,0,16
14.12.2013,20:00:00,2,Leicht bewÃ¶lkt,2,88,31,-2,0,17
14.12.2013,21:00:00,0,Leicht bewÃ¶lkt,2,87,37,-3,0,18
14.12.2013,22:00:00,0,Leicht bewÃ¶lkt,2,86,40,-2,0,19
14.12.2013,23:00:00,3,Leicht bewÃ¶lkt,3,85,43,-2,0,20
15.12.2013,00:00:00,0,Leicht bewÃ¶lkt,3,84,47,-2,0,22
15.12.2013,01:00:00,0,Leicht bewÃ¶lkt,3,83,47,-2,0,22
15.12.2013,02:00:00,0,Leicht bewÃ¶lkt,3,82,46,-2,0,22
15.12.2013,03:00:00,0,Leicht bewÃ¶lkt,3,82,46,-2,0,22
15.12.2013,04:00:00,1,Leicht bewÃ¶lkt,3,80,55,-2,0,23
15.12.2013,05:00:00,3,Nieselregen,3,79,65,-2,0,24
15.12.2013,06:00:00,0,Nieselregen,3,78,75,-2,0,24
15.12.2013,07:00:00,0,Nieselregen,4,77,76,-1,0,24
15.12.2013,08:00:00,1,BewÃ¶lkt,4,77,77,-1,0,24
15.12.2013,09:00:00,2,BewÃ¶lkt,5,77,78,0,0,23
15.12.2013,10:00:00,2,BewÃ¶lkt,5,77,74,1,0,22
15.12.2013,11:00:00,11,BewÃ¶lkt,6,77,70,2,0,20
15.12.2013,12:00:00,12,BewÃ¶lkt,6,77,66,3,0,18
15.12.2013,13:00:00,13,BewÃ¶lkt,6,77,60,3,0,17
15.12.2013,14:00:00,19,Leicht bewÃ¶lkt,6,78,53,3,0,17
15.12.2013,15:00:00,19,Leicht bewÃ¶lkt,6,78,47,3,0,16
15.12.2013,16:00:00,11,Leicht bewÃ¶lkt,6,78,47,3,0,17
15.12.2013,17:00:00,4,Leicht bewÃ¶lkt,6,77,47,2,0,17
15.12.2013,18:00:00,3,Leicht bewÃ¶lkt,5,76,47,2,0,18
15.12.2013,19:00:00,0,Leicht bewÃ¶lkt,5,75,41,1,0,18
15.12.2013,20:00:00,2,Sonnig,5,73,35,1,0,19
15.12.2013,21:00:00,0,Sonnig,4,72,29,0,0,19
15.12.2013,22:00:00,1,Sonnig,4,72,24,0,0,20
15.12.2013,23:00:00,0,Sonnig,4,72,18,0,0,20
16.12.2013,00:00:00,0,Sonnig,4,72,13,0,0,20
16.12.2013,01:00:00,0,Sonnig,4,72,11,0,0,20
16.12.2013,02:00:00,0,Sonnig,4,73,9,0,0,20
16.12.2013,03:00:00,0,Sonnig,4,73,6,0,0,21
16.12.2013,04:00:00,1,Sonnig,4,73,12,0,0,20
16.12.2013,05:00:00,6,Leicht bewÃ¶lkt,4,72,18,0,0,20
16.12.2013,06:00:00,10,Leicht bewÃ¶lkt,4,72,23,0,0,20
16.12.2013,07:00:00,34,Leicht bewÃ¶lkt,4,70,21,0,0,20
16.12.2013,08:00:00,27,Sonnig,5,68,18,1,0,20
16.12.2013,09:00:00,7,Sonnig,5,67,16,2,0,20
16.12.2013,10:00:00,7,Sonnig,6,63,13,2,0,20
16.12.2013,11:00:00,11,Sonnig,7,60,10,3,0,21
16.12.2013,12:00:00,15,Sonnig,7,56,7,4,0,21
16.12.2013,13:00:00,20,Sonnig,7,56,7,4,0,21
16.12.2013,14:00:00,23,Sonnig,8,55,6,5,0,20
16.12.2013,15:00:00,8,Sonnig,8,55,6,5,0,20
16.12.2013,16:00:00,22,Sonnig,8,56,8,5,0,20
16.12.2013,17:00:00,16,Sonnig,8,57,9,5,0,19
16.12.2013,18:00:00,9,Sonnig,7,59,11,4,0,19
16.12.2013,19:00:00,14,Sonnig,7,60,13,4,0,18
16.12.2013,20:00:00,3,Sonnig,6,61,16,3,0,18
16.12.2013,21:00:00,3,Sonnig,6,62,18,2,0,18
16.12.2013,22:00:00,4,Sonnig,5,66,25,2,0,18
16.12.2013,23:00:00,2,Leicht bewÃ¶lkt,5,70,31,1,0,18
17.12.2013,00:00:00,0,Leicht bewÃ¶lkt,5,73,38,1,0,18
17.12.2013,01:00:00,0,Leicht bewÃ¶lkt,4,74,39,1,0,18
17.12.2013,02:00:00,0,Leicht bewÃ¶lkt,4,75,41,0,0,18
17.12.2013,03:00:00,0,Leicht bewÃ¶lkt,4,76,42,0,0,18
17.12.2013,04:00:00,1,Leicht bewÃ¶lkt,4,76,34,0,0,18
17.12.2013,05:00:00,7,Sonnig,4,75,25,0,0,17
17.12.2013,06:00:00,7,Sonnig,4,75,17,0,0,17
17.12.2013,07:00:00,29,Sonnig,5,76,13,1,0,16
17.12.2013,08:00:00,21,Sonnig,5,77,9,1,0,15
17.12.2013,09:00:00,7,Sonnig,5,78,5,2,0,15
17.12.2013,10:00:00,8,Sonnig,6,78,10,3,0,14
17.12.2013,11:00:00,20,Leicht bewÃ¶lkt,6,77,15,4,0,13
17.12.2013,12:00:00,18,Leicht bewÃ¶lkt,7,77,20,5,0,12
17.12.2013,13:00:00,15,Leicht bewÃ¶lkt,7,79,22,5,0,10
17.12.2013,14:00:00,14,Leicht bewÃ¶lkt,8,81,24,6,0,9
17.12.2013,15:00:00,20,Leicht bewÃ¶lkt,8,83,27,7,0,8
17.12.2013,16:00:00,16,Leicht bewÃ¶lkt,7,83,27,6,0,8
17.12.2013,17:00:00,14,Leicht bewÃ¶lkt,7,84,28,6,0,8
17.12.2013,18:00:00,5,Leicht bewÃ¶lkt,7,85,29,5,0,8
17.12.2013,19:00:00,9,Leicht bewÃ¶lkt,6,84,33,4,0,9
17.12.2013,20:00:00,7,Leicht bewÃ¶lkt,6,83,37,4,0,10
17.12.2013,21:00:00,2,Leicht bewÃ¶lkt,5,82,41,3,0,12
17.12.2013,22:00:00,4,Leicht bewÃ¶lkt,5,81,43,2,0,12
17.12.2013,23:00:00,1,Leicht bewÃ¶lkt,5,80,45,2,0,13
18.12.2013,00:00:00,1,Leicht bewÃ¶lkt,5,80,47,2,0,14
18.12.2013,01:00:00,0,Leicht bewÃ¶lkt,5,81,47,1,0,15
18.12.2013,02:00:00,0,Leicht bewÃ¶lkt,4,82,47,1,0,15
18.12.2013,03:00:00,0,Leicht bewÃ¶lkt,4,84,47,0,0,16
18.12.2013,04:00:00,1,Leicht bewÃ¶lkt,4,86,46,0,0,16
18.12.2013,05:00:00,5,Leicht bewÃ¶lkt,4,88,45,0,0,17
18.12.2013,06:00:00,9,Leicht bewÃ¶lkt,4,90,45,0,0,18
18.12.2013,07:00:00,26,Leicht bewÃ¶lkt,5,91,46,1,0,18
18.12.2013,08:00:00,25,Leicht bewÃ¶lkt,5,92,48,1,0,18
18.12.2013,09:00:00,12,Leicht bewÃ¶lkt,6,93,50,2,0,18
18.12.2013,10:00:00,10,Leicht bewÃ¶lkt,6,90,45,3,0,18
18.12.2013,11:00:00,8,Leicht bewÃ¶lkt,7,88,40,3,0,18
18.12.2013,12:00:00,11,Leicht bewÃ¶lkt,7,85,35,4,0,19
18.12.2013,13:00:00,12,Leicht bewÃ¶lkt,8,85,43,4,0,19
18.12.2013,14:00:00,12,BewÃ¶lkt,8,85,50,5,0,18
18.12.2013,15:00:00,5,BewÃ¶lkt,8,85,57,5,0,18
18.12.2013,16:00:00,18,BewÃ¶lkt,8,87,50,5,0,19
18.12.2013,17:00:00,23,Sonnig,8,89,43,4,0,19
18.12.2013,18:00:00,12,Sonnig,7,90,36,4,0,19
18.12.2013,19:00:00,3,Sonnig,7,90,28,3,0,21
18.12.2013,20:00:00,3,Sonnig,6,90,20,2,0,22
18.12.2013,21:00:00,1,Sonnig,6,91,11,2,0,24
18.12.2013,22:00:00,3,Sonnig,6,90,13,1,0,25
18.12.2013,23:00:00,0,Sonnig,5,89,15,1,0,25
19.12.2013,00:00:00,1,Sonnig,5,89,18,1,0,26
19.12.2013,01:00:00,0,Sonnig,5,88,28,1,0,27
19.12.2013,02:00:00,0,Stellenweiser leichter Regenfall,5,88,39,0,0,27
19.12.2013,03:00:00,0,Stellenweiser leichter Regenfall,5,87,50,0,0,27
19.12.2013,04:00:00,2,Stellenweiser leichter Regenfall,5,88,63,0,1,28
19.12.2013,05:00:00,1,MÃ¤ÃŸiger Regenfall,5,88,75,0,1,28
19.12.2013,06:00:00,7,MÃ¤ÃŸiger Regenfall,5,88,88,0,2,29
19.12.2013,07:00:00,7,MÃ¤ÃŸiger Regenfall,5,89,90,1,1,28
19.12.2013,08:00:00,15,Nieselregen,6,89,93,2,1,27
19.12.2013,09:00:00,4,Nieselregen,7,89,95,2,1,27
19.12.2013,10:00:00,1,Nieselregen,7,88,80,3,1,25
19.12.2013,11:00:00,2,Stellenweiser Regenfall,7,86,65,4,0,24
19.12.2013,12:00:00,1,Stellenweiser Regenfall,8,85,50,5,0,22
19.12.2013,13:00:00,9,Stellenweiser Regenfall,8,86,39,5,0,20
19.12.2013,14:00:00,4,Sonnig,9,87,29,6,0,17
19.12.2013,15:00:00,5,Sonnig,9,89,18,7,0,15
19.12.2013,16:00:00,12,Sonnig,9,90,17,7,0,14
19.12.2013,17:00:00,8,Sonnig,9,91,16,7,0,12
19.12.2013,18:00:00,4,Sonnig,8,93,15,7,0,10
19.12.2013,19:00:00,4,Sonnig,8,93,14,6,0,11
19.12.2013,20:00:00,3,Sonnig,7,93,13,5,0,11
19.12.2013,21:00:00,0,Sonnig,7,93,12,4,0,12
19.12.2013,22:00:00,3,Sonnig,6,92,12,3,0,12
19.12.2013,23:00:00,4,Sonnig,5,92,12,2,0,12
20.12.2013,00:00:00,0,Sonnig,4,92,11,1,0,12
20.12.2013,01:00:00,0,Sonnig,4,92,16,1,0,13
20.12.2013,02:00:00,0,Leicht bewÃ¶lkt,3,92,20,0,0,13
20.12.2013,03:00:00,0,Leicht bewÃ¶lkt,3,92,25,0,0,13
20.12.2013,04:00:00,1,Leicht bewÃ¶lkt,3,92,37,0,0,14
20.12.2013,05:00:00,4,BewÃ¶lkt,3,92,49,0,0,14
20.12.2013,06:00:00,10,BewÃ¶lkt,3,93,61,-1,0,15
20.12.2013,07:00:00,17,BewÃ¶lkt,4,92,67,0,0,16
20.12.2013,08:00:00,6,BewÃ¶lkt,4,92,73,0,0,16
20.12.2013,09:00:00,8,BewÃ¶lkt,5,92,78,1,0,17
20.12.2013,10:00:00,7,BewÃ¶lkt,5,90,61,1,0,18
20.12.2013,11:00:00,15,Sonnig,5,88,44,1,0,19
20.12.2013,12:00:00,8,Sonnig,5,85,27,2,0,19
20.12.2013,13:00:00,25,Sonnig,6,84,18,2,0,19
20.12.2013,14:00:00,10,Sonnig,6,83,9,2,0,19
20.12.2013,15:00:00,21,Sonnig,6,83,0,2,0,19
20.12.2013,16:00:00,11,Sonnig,6,84,1,2,0,19
20.12.2013,17:00:00,9,Sonnig,5,86,3,2,0,19
20.12.2013,18:00:00,6,Sonnig,5,88,4,1,0,19
20.12.2013,19:00:00,4,Sonnig,5,89,7,1,0,19
20.12.2013,20:00:00,2,Sonnig,4,89,10,0,0,20
20.12.2013,21:00:00,2,Sonnig,4,90,14,0,0,20
20.12.2013,22:00:00,4,Sonnig,4,89,17,0,0,21
20.12.2013,23:00:00,2,Leicht bewÃ¶lkt,4,88,20,-1,0,21
21.12.2013,00:00:00,3,Leicht bewÃ¶lkt,4,87,24,-1,0,22
21.12.2013,01:00:00,2,Leicht bewÃ¶lkt,4,87,29,-1,0,22
21.12.2013,02:00:00,1,Leicht bewÃ¶lkt,3,86,34,-1,0,23
21.12.2013,03:00:00,0,Leicht bewÃ¶lkt,3,85,39,-2,0,23
21.12.2013,04:00:00,3,Leicht bewÃ¶lkt,3,84,41,-2,0,24
21.12.2013,05:00:00,0,Leicht bewÃ¶lkt,3,83,43,-2,0,24
21.12.2013,06:00:00,0,Leicht bewÃ¶lkt,3,81,45,-2,0,25
21.12.2013,07:00:00,2,Leicht bewÃ¶lkt,4,80,45,-1,0,25
21.12.2013,08:00:00,2,Leicht bewÃ¶lkt,4,79,45,0,0,25
21.12.2013,09:00:00,6,Leicht bewÃ¶lkt,5,77,46,0,0,26
21.12.2013,10:00:00,10,Leicht bewÃ¶lkt,5,74,46,1,0,26
21.12.2013,11:00:00,22,Leicht bewÃ¶lkt,6,71,46,1,0,27
21.12.2013,12:00:00,16,Leicht bewÃ¶lkt,6,68,47,1,0,27
21.12.2013,13:00:00,19,Leicht bewÃ¶lkt,6,66,43,2,0,28
21.12.2013,14:00:00,11,Leicht bewÃ¶lkt,6,64,40,2,0,28
21.12.2013,15:00:00,15,Leicht bewÃ¶lkt,6,62,36,2,0,28
21.12.2013,16:00:00,6,Leicht bewÃ¶lkt,6,63,43,2,0,28
21.12.2013,17:00:00,9,Stellenweiser leichter Regenfall,6,65,50,1,0,28
21.12.2013,18:00:00,1,Stellenweiser leichter Regenfall,6,67,58,1,0,28
21.12.2013,19:00:00,2,Stellenweiser leichter Regenfall,5,68,68,1,0,28
21.12.2013,20:00:00,2,Leichter Regenfall,5,69,79,0,0,28
21.12.2013,21:00:00,1,Leichter Regenfall,4,71,90,-1,1,28
21.12.2013,22:00:00,4,Leichter Regenfall,4,69,89,0,0,28
21.12.2013,23:00:00,0,BewÃ¶lkt,5,67,88,0,0,28
22.12.2013,00:00:00,0,BewÃ¶lkt,5,65,87,0,0,29
22.12.2013,01:00:00,0,BewÃ¶lkt,5,68,80,0,0,29
22.12.2013,02:00:00,0,Leicht bewÃ¶lkt,5,71,73,0,0,28
22.12.2013,03:00:00,0,Leicht bewÃ¶lkt,5,74,66,0,0,28
22.12.2013,04:00:00,0,Leicht bewÃ¶lkt,5,78,72,0,0,27
22.12.2013,05:00:00,0,Leichter Regenfall,5,81,78,0,0,26
22.12.2013,06:00:00,0,Leichter Regenfall,5,85,84,0,0,26
22.12.2013,07:00:00,0,Leichter Regenfall,5,86,89,0,0,26
22.12.2013,08:00:00,0,Leichter Regenfall,5,86,94,1,0,26
22.12.2013,09:00:00,0,Leichter Regenfall,6,87,99,1,0,26
22.12.2013,10:00:00,3,Leichter Regenfall,6,86,97,2,0,26
22.12.2013,11:00:00,6,Leichter Regenfall,6,86,95,2,0,27
22.12.2013,12:00:00,4,Leichter Regenfall,7,86,94,3,0,27
22.12.2013,13:00:00,10,Leichter Regenfall,7,86,83,3,0,28
22.12.2013,14:00:00,5,Stellenweiser leichter Regenfall,7,86,72,3,0,29
22.12.2013,15:00:00,8,Stellenweiser leichter Regenfall,8,86,62,4,0,29
22.12.2013,16:00:00,5,Stellenweiser leichter Regenfall,7,88,62,3,0,28
22.12.2013,17:00:00,2,Stellenweiser leichter Regenfall,7,90,62,3,1,27
22.12.2013,18:00:00,0,Stellenweiser leichter Regenfall,7,92,61,3,1,27
22.12.2013,19:00:00,0,Stellenweiser leichter Regenfall,6,93,66,2,1,25
22.12.2013,20:00:00,0,Nieselregen,6,95,71,2,0,23
22.12.2013,21:00:00,2,Nieselregen,6,96,76,2,0,22
22.12.2013,22:00:00,1,Nieselregen,6,95,67,1,0,22
22.12.2013,23:00:00,0,Stellenweiser Regenfall,5,95,59,1,0,23
23.12.2013,00:00:00,0,Stellenweiser Regenfall,5,94,50,1,0,23
23.12.2013,01:00:00,0,Stellenweiser Regenfall,5,94,45,0,0,24
23.12.2013,02:00:00,0,Stellenweiser Regenfall,5,93,41,0,0,24
23.12.2013,03:00:00,0,Stellenweiser Regenfall,4,93,36,0,0,24
23.12.2013,04:00:00,2,Stellenweiser Regenfall,4,93,38,0,0,24
23.12.2013,05:00:00,1,Leicht bewÃ¶lkt,4,93,39,0,0,23
23.12.2013,06:00:00,5,Leicht bewÃ¶lkt,4,94,41,0,0,22
23.12.2013,07:00:00,10,Leicht bewÃ¶lkt,5,93,37,1,0,22
23.12.2013,08:00:00,8,Sonnig,5,92,33,1,0,21
23.12.2013,09:00:00,4,Sonnig,6,91,29,2,0,21
23.12.2013,10:00:00,6,Sonnig,6,89,30,3,0,22
23.12.2013,11:00:00,21,Leicht bewÃ¶lkt,7,86,32,3,0,23
23.12.2013,12:00:00,11,Leicht bewÃ¶lkt,7,84,33,4,0,24
23.12.2013,13:00:00,24,Leicht bewÃ¶lkt,8,84,39,4,0,26
23.12.2013,14:00:00,15,Leicht bewÃ¶lkt,8,84,44,4,0,27
23.12.2013,15:00:00,17,Leicht bewÃ¶lkt,8,84,49,5,0,28
23.12.2013,16:00:00,15,Leicht bewÃ¶lkt,8,85,50,4,0,29
23.12.2013,17:00:00,7,Leicht bewÃ¶lkt,8,86,51,3,0,31
23.12.2013,18:00:00,3,Leicht bewÃ¶lkt,7,86,52,3,0,32
23.12.2013,19:00:00,1,Leicht bewÃ¶lkt,7,85,54,2,0,33
23.12.2013,20:00:00,6,Leicht bewÃ¶lkt,6,84,56,2,0,34
23.12.2013,21:00:00,0,Leicht bewÃ¶lkt,6,83,58,1,0,35
23.12.2013,22:00:00,1,Leicht bewÃ¶lkt,6,82,57,1,0,36
23.12.2013,23:00:00,0,Stellenweiser Nieselregen,7,81,57,2,0,37
24.12.2013,00:00:00,0,Stellenweiser Nieselregen,7,81,57,3,0,37
24.12.2013,01:00:00,0,Stellenweiser Nieselregen,8,80,55,3,0,38
24.12.2013,02:00:00,0,Leicht bewÃ¶lkt,8,79,52,3,0,38
24.12.2013,03:00:00,0,Leicht bewÃ¶lkt,8,78,50,3,0,39
24.12.2013,04:00:00,1,Leicht bewÃ¶lkt,8,78,51,4,0,39
24.12.2013,05:00:00,0,Leicht bewÃ¶lkt,8,77,53,4,0,39
24.12.2013,06:00:00,0,Leicht bewÃ¶lkt,9,77,55,4,0,39
24.12.2013,07:00:00,4,Leicht bewÃ¶lkt,9,77,54,4,0,39
24.12.2013,08:00:00,0,Stellenweiser Nieselregen,9,77,53,5,0,39
24.12.2013,09:00:00,1,Stellenweiser Nieselregen,9,77,53,5,0,39
24.12.2013,10:00:00,4,Stellenweiser Nieselregen,10,77,52,5,0,38
24.12.2013,11:00:00,5,Stellenweiser leichter Regenfall,10,77,51,6,0,38
24.12.2013,12:00:00,0,Stellenweiser leichter Regenfall,10,77,51,6,0,38
24.12.2013,13:00:00,6,Stellenweiser leichter Regenfall,10,78,53,6,0,37
24.12.2013,14:00:00,5,Stellenweiser leichter Regenfall,10,79,56,7,0,36
24.12.2013,15:00:00,2,Stellenweiser leichter Regenfall,11,80,58,7,1,36
24.12.2013,16:00:00,1,Stellenweiser leichter Regenfall,10,81,60,7,1,35
24.12.2013,17:00:00,0,Teilweise mÃ¤ÃŸiger Regenfall,10,82,62,6,1,34
24.12.2013,18:00:00,0,Teilweise mÃ¤ÃŸiger Regenfall,10,82,64,6,1,34
24.12.2013,19:00:00,1,Teilweise mÃ¤ÃŸiger Regenfall,9,83,66,6,1,34
24.12.2013,20:00:00,0,Teilweise mÃ¤ÃŸiger Regenfall,9,83,67,5,1,34
24.12.2013,21:00:00,0,Teilweise mÃ¤ÃŸiger Regenfall,9,83,69,5,1,35
24.12.2013,22:00:00,0,Teilweise mÃ¤ÃŸiger Regenfall,9,85,76,5,1,32
24.12.2013,23:00:00,0,MÃ¤ÃŸiger Regenfall,9,86,83,5,1,30
25.12.2013,00:00:00,0,MÃ¤ÃŸiger Regenfall,9,88,90,5,1,27
25.12.2013,01:00:00,0,MÃ¤ÃŸiger Regenfall,9,88,93,5,1,28
25.12.2013,02:00:00,0,MÃ¤ÃŸiger Regenfall,9,88,97,5,1,28
25.12.2013,03:00:00,0,MÃ¤ÃŸiger Regenfall,9,88,100,5,2,29
25.12.2013,04:00:00,0,MÃ¤ÃŸiger Regenfall,9,88,100,5,1,29
25.12.2013,05:00:00,0,MÃ¤ÃŸiger Regenfall,9,88,100,5,1,29
25.12.2013,06:00:00,0,MÃ¤ÃŸiger Regenfall,9,88,100,5,1,30
25.12.2013,07:00:00,0,MÃ¤ÃŸiger Regenfall,9,89,97,5,1,27
25.12.2013,08:00:00,1,Leichter Regenfall,9,90,95,5,1,25
25.12.2013,09:00:00,0,Leichter Regenfall,9,91,92,5,1,23
25.12.2013,10:00:00,3,Leichter Regenfall,9,89,86,6,0,22
25.12.2013,11:00:00,15,BewÃ¶lkt,9,87,80,6,0,21
25.12.2013,12:00:00,14,BewÃ¶lkt,9,86,73,6,0,19
25.12.2013,13:00:00,12,BewÃ¶lkt,9,84,61,6,0,18
25.12.2013,14:00:00,8,Sonnig,8,82,48,6,0,17
25.12.2013,15:00:00,9,Sonnig,8,81,35,6,0,15
25.12.2013,16:00:00,3,Sonnig,8,81,28,5,0,15
25.12.2013,17:00:00,9,Sonnig,7,82,20,4,0,15
25.12.2013,18:00:00,0,Sonnig,6,83,13,3,0,15
25.12.2013,19:00:00,1,Sonnig,6,85,19,3,0,15
25.12.2013,20:00:00,2,Leicht bewÃ¶lkt,5,86,26,2,0,15
25.12.2013,21:00:00,2,Leicht bewÃ¶lkt,5,87,32,1,0,15
25.12.2013,22:00:00,0,Leicht bewÃ¶lkt,4,88,31,1,0,14
25.12.2013,23:00:00,0,Sonnig,4,90,30,1,0,14
26.12.2013,00:00:00,0,Sonnig,4,91,29,1,0,13
26.12.2013,01:00:00,0,Sonnig,4,92,32,1,0,12
26.12.2013,02:00:00,0,Leicht bewÃ¶lkt,4,92,34,1,0,12
26.12.2013,03:00:00,0,Leicht bewÃ¶lkt,4,93,37,1,0,11
26.12.2013,04:00:00,0,Leicht bewÃ¶lkt,4,93,34,1,0,10
26.12.2013,05:00:00,1,Sonnig,4,93,32,1,0,10
26.12.2013,06:00:00,1,Sonnig,4,93,30,1,0,10
26.12.2013,07:00:00,2,Sonnig,4,92,33,2,0,9
26.12.2013,08:00:00,0,Leicht bewÃ¶lkt,5,92,36,3,0,8
26.12.2013,09:00:00,2,Leicht bewÃ¶lkt,5,91,39,3,0,7
26.12.2013,10:00:00,7,Leicht bewÃ¶lkt,5,89,49,4,0,6
26.12.2013,11:00:00,33,BewÃ¶lkt,6,88,59,5,0,5
26.12.2013,12:00:00,20,BewÃ¶lkt,6,86,69,6,0,4
26.12.2013,13:00:00,21,BewÃ¶lkt,7,87,73,6,0,5
26.12.2013,14:00:00,13,BewÃ¶lkt,7,88,77,6,0,6
26.12.2013,15:00:00,10,BewÃ¶lkt,7,90,80,6,0,7
26.12.2013,16:00:00,10,BewÃ¶lkt,7,91,78,5,0,9
26.12.2013,17:00:00,3,BewÃ¶lkt,6,93,75,4,0,10
26.12.2013,18:00:00,3,BewÃ¶lkt,6,95,72,3,0,12
26.12.2013,19:00:00,1,BewÃ¶lkt,5,95,70,2,0,13
26.12.2013,20:00:00,2,BewÃ¶lkt,5,95,68,2,0,15
26.12.2013,21:00:00,3,BewÃ¶lkt,5,96,67,1,0,16
26.12.2013,22:00:00,0,BewÃ¶lkt,4,95,59,0,0,16
26.12.2013,23:00:00,0,Leicht bewÃ¶lkt,4,95,52,0,0,17
27.12.2013,00:00:00,0,Leicht bewÃ¶lkt,3,95,45,-1,0,17
27.12.2013,01:00:00,3,Leicht bewÃ¶lkt,3,95,40,-1,0,18
27.12.2013,02:00:00,0,Leicht bewÃ¶lkt,3,94,35,-2,0,19
27.12.2013,03:00:00,0,Leicht bewÃ¶lkt,3,93,30,-2,0,21
27.12.2013,04:00:00,1,Leicht bewÃ¶lkt,3,91,33,-2,0,23
27.12.2013,05:00:00,5,Leicht bewÃ¶lkt,3,89,36,-2,0,25
27.12.2013,06:00:00,7,Leicht bewÃ¶lkt,4,86,39,-1,0,27
27.12.2013,07:00:00,11,Leicht bewÃ¶lkt,4,84,53,-1,0,29
27.12.2013,08:00:00,4,Leichter Regenfall,5,82,67,-1,0,32
27.12.2013,09:00:00,4,Leichter Regenfall,5,80,81,0,0,34
27.12.2013,10:00:00,2,Leichter Regenfall,5,80,77,0,0,35
27.12.2013,11:00:00,8,Stellenweiser Nieselregen,6,80,73,0,0,35
27.12.2013,12:00:00,6,Stellenweiser Nieselregen,6,80,70,1,0,35
27.12.2013,13:00:00,12,Stellenweiser Nieselregen,6,80,75,1,0,35
27.12.2013,14:00:00,4,Nieselregen,6,81,80,2,0,34
27.12.2013,15:00:00,6,Nieselregen,7,81,85,2,0,33
27.12.2013,16:00:00,5,Nieselregen,7,82,87,2,0,32
27.12.2013,17:00:00,4,MÃ¤ÃŸiger Regenfall,7,83,88,3,1,31
27.12.2013,18:00:00,2,MÃ¤ÃŸiger Regenfall,7,85,90,3,1,30
27.12.2013,19:00:00,1,MÃ¤ÃŸiger Regenfall,7,86,90,3,1,30
27.12.2013,20:00:00,1,Leichter Regenfall,8,87,91,4,1,29
27.12.2013,21:00:00,1,Leichter Regenfall,8,88,91,4,1,28
27.12.2013,22:00:00,0,Leichter Regenfall,7,88,93,3,1,28
27.12.2013,23:00:00,2,Leichter Regenfall,7,88,96,3,1,27
28.12.2013,00:00:00,0,Leichter Regenfall,7,88,98,2,0,27
28.12.2013,01:00:00,0,Leichter Regenfall,6,89,99,2,1,25
28.12.2013,02:00:00,0,MÃ¤ÃŸiger Regenfall,6,90,99,2,1,23
28.12.2013,03:00:00,0,MÃ¤ÃŸiger Regenfall,5,91,100,1,1,21
28.12.2013,04:00:00,0,MÃ¤ÃŸiger Regenfall,5,92,100,2,1,19
28.12.2013,05:00:00,1,MÃ¤ÃŸiger Regenfall,5,93,100,2,2,18
28.12.2013,06:00:00,0,MÃ¤ÃŸiger Regenfall,5,95,100,2,2,16
28.12.2013,07:00:00,1,MÃ¤ÃŸiger Regenfall,6,94,100,3,2,15
28.12.2013,08:00:00,0,Leichter Regenfall,6,94,100,4,2,14
28.12.2013,09:00:00,1,Leichter Regenfall,7,94,100,5,1,13
28.12.2013,10:00:00,3,Leichter Regenfall,8,93,100,5,1,13
28.12.2013,11:00:00,11,Leichter Regenfall,8,93,100,6,1,13
28.12.2013,12:00:00,1,Leichter Regenfall,9,92,100,6,1,14
28.12.2013,13:00:00,1,Leichter Regenfall,9,92,85,7,1,14
28.12.2013,14:00:00,13,Stellenweiser Regenfall,9,92,71,7,0,14
28.12.2013,15:00:00,16,Stellenweiser Regenfall,9,92,56,7,0,14
28.12.2013,16:00:00,11,Stellenweiser Regenfall,9,91,44,7,0,14
28.12.2013,17:00:00,3,Sonnig,9,90,31,6,0,15
28.12.2013,18:00:00,3,Sonnig,8,89,19,6,0,15
28.12.2013,19:00:00,1,Sonnig,8,88,15,5,0,16
28.12.2013,20:00:00,2,Sonnig,7,87,11,4,0,17
28.12.2013,21:00:00,0,Sonnig,7,87,7,4,0,17
28.12.2013,22:00:00,0,Sonnig,6,89,27,3,0,17
28.12.2013,23:00:00,0,Leichter Regenfall,5,91,48,1,0,17
29.12.2013,00:00:00,0,Leichter Regenfall,4,93,68,0,0,17
29.12.2013,01:00:00,0,Leichter Regenfall,3,93,65,-1,0,17
29.12.2013,02:00:00,1,Leicht bewÃ¶lkt,3,94,61,-1,0,17
29.12.2013,03:00:00,0,Leicht bewÃ¶lkt,2,95,58,-2,0,17
29.12.2013,04:00:00,0,Leicht bewÃ¶lkt,2,94,58,-2,0,18
29.12.2013,05:00:00,1,BewÃ¶lkt,2,94,59,-2,0,18
29.12.2013,06:00:00,0,BewÃ¶lkt,2,94,60,-2,0,18
29.12.2013,07:00:00,0,BewÃ¶lkt,3,93,68,-2,0,17
29.12.2013,08:00:00,0,Nieselregen,3,93,77,-1,0,17
29.12.2013,09:00:00,4,Nieselregen,3,93,85,0,0,16
29.12.2013,10:00:00,1,Nieselregen,4,93,76,0,0,16
29.12.2013,11:00:00,11,Stellenweiser Nieselregen,4,92,67,1,0,17
29.12.2013,12:00:00,18,Stellenweiser Nieselregen,5,92,58,1,0,18
29.12.2013,13:00:00,27,Stellenweiser Nieselregen,5,92,52,1,0,18
29.12.2013,14:00:00,17,Leicht bewÃ¶lkt,5,92,45,2,0,19
29.12.2013,15:00:00,25,Leicht bewÃ¶lkt,6,93,39,2,0,19
29.12.2013,16:00:00,13,Leicht bewÃ¶lkt,5,93,36,2,0,19
29.12.2013,17:00:00,4,Leicht bewÃ¶lkt,5,94,34,1,0,19
29.12.2013,18:00:00,3,Leicht bewÃ¶lkt,5,94,32,1,0,18
29.12.2013,19:00:00,1,Leicht bewÃ¶lkt,4,94,31,0,0,18
29.12.2013,20:00:00,0,Leicht bewÃ¶lkt,4,94,29,0,0,18
29.12.2013,21:00:00,1,Leicht bewÃ¶lkt,3,94,28,-1,0,17
29.12.2013,22:00:00,2,Leicht bewÃ¶lkt,3,94,26,-1,0,17
29.12.2013,23:00:00,0,Sonnig,3,94,24,-1,0,17
30.12.2013,00:00:00,0,Sonnig,2,94,22,-2,0,17
30.12.2013,01:00:00,0,Sonnig,2,94,21,-2,0,17
30.12.2013,02:00:00,0,Sonnig,2,94,20,-3,0,17
30.12.2013,03:00:00,0,Sonnig,2,94,19,-3,0,17
30.12.2013,04:00:00,2,Sonnig,2,93,18,-3,0,18
30.12.2013,05:00:00,0,Sonnig,2,93,16,-3,0,18
30.12.2013,06:00:00,5,Sonnig,2,93,15,-3,0,19
30.12.2013,07:00:00,4,Sonnig,2,91,14,-3,0,20
30.12.2013,08:00:00,8,Sonnig,3,90,13,-2,0,21
30.12.2013,09:00:00,4,Sonnig,3,89,13,-2,0,22
30.12.2013,10:00:00,10,Sonnig,4,85,12,-1,0,23
30.12.2013,11:00:00,14,Sonnig,4,82,11,-1,0,24
30.12.2013,12:00:00,17,Sonnig,4,79,10,0,0,25
30.12.2013,13:00:00,21,Sonnig,5,78,18,0,0,25
30.12.2013,14:00:00,17,Leicht bewÃ¶lkt,5,77,25,1,0,25
30.12.2013,15:00:00,21,Leicht bewÃ¶lkt,5,76,33,1,0,26
30.12.2013,16:00:00,14,Leicht bewÃ¶lkt,5,77,50,1,0,26
30.12.2013,17:00:00,7,Nieselregen,5,78,66,0,0,26
30.12.2013,18:00:00,6,Nieselregen,4,80,82,0,0,26
30.12.2013,19:00:00,2,Nieselregen,4,81,88,-1,0,26
30.12.2013,20:00:00,0,Leichter Regenfall,3,83,94,-2,0,25
30.12.2013,21:00:00,0,Leichter Regenfall,3,85,100,-2,0,25
30.12.2013,22:00:00,0,Leichter Regenfall,3,84,95,-2,0,24
30.12.2013,23:00:00,0,BewÃ¶lkt,2,84,89,-3,0,22
31.12.2013,00:00:00,0,BewÃ¶lkt,2,84,84,-3,0,21
31.12.2013,01:00:00,0,BewÃ¶lkt,2,84,70,-3,0,20
31.12.2013,02:00:00,0,Leicht bewÃ¶lkt,2,85,56,-3,0,19
31.12.2013,03:00:00,0,Leicht bewÃ¶lkt,1,85,42,-3,0,18
31.12.2013,04:00:00,0,Leicht bewÃ¶lkt,1,85,35,-3,0,18
31.12.2013,05:00:00,0,Sonnig,1,84,28,-3,0,18
31.12.2013,06:00:00,0,Sonnig,1,84,22,-3,0,18
31.12.2013,07:00:00,0,Sonnig,2,82,25,-3,0,18
31.12.2013,08:00:00,1,Leicht bewÃ¶lkt,2,81,28,-2,0,18
31.12.2013,09:00:00,3,Leicht bewÃ¶lkt,3,79,31,-1,0,19
31.12.2013,10:00:00,16,Leicht bewÃ¶lkt,4,75,28,-1,0,19
31.12.2013,11:00:00,15,Sonnig,4,71,25,0,0,20
31.12.2013,12:00:00,13,Sonnig,5,68,21,1,0,21
31.12.2013,13:00:00,33,Sonnig,5,66,18,1,0,21
31.12.2013,14:00:00,23,Sonnig,5,65,14,1,0,21
31.12.2013,15:00:00,15,Sonnig,5,64,10,1,0,22
31.12.2013,16:00:00,8,Sonnig,5,64,12,1,0,22
31.12.2013,17:00:00,1,Sonnig,5,65,13,0,0,22
31.12.2013,18:00:00,4,Sonnig,4,65,14,0,0,22
31.12.2013,19:00:00,3,Sonnig,4,65,24,-1,0,22
31.12.2013,20:00:00,0,Stellenweiser Nieselregen,3,65,34,-1,0,22
31.12.2013,21:00:00,0,Stellenweiser Nieselregen,3,66,44,-2,0,22
31.12.2013,22:00:00,0,Stellenweiser Nieselregen,3,66,53,-2,0,22
31.12.2013,23:00:00,0,Nieselregen,3,67,62,-2,0,21