Date,Total
1 May 2012,6979
2 May 2012,10375
3 May 2012,10839
4 May 2012,10365
5 May 2012,6395
6 May 2012,4225
7 May 2012,9568
8 May 2012,10420
9 May 2012,9003
10 May 2012,11779
11 May 2012,10599
12 May 2012,6464
13 May 2012,4723
14 May 2012,10679
15 May 2012,8899
16 May 2012,7395
17 May 2012,5256
18 May 2012,7911
19 May 2012,8349
20 May 2012,4918
21 May 2012,8405
22 May 2012,9771
23 May 2012,8966
24 May 2012,10059
25 May 2012,10113
26 May 2012,6816
27 May 2012,3811
28 May 2012,4043
29 May 2012,7496
30 May 2012,6632
31 May 2012,6984
1 June 2012,6393
2 June 2012,6440
3 June 2012,2425
4 June 2012,6541
5 June 2012,8983
6 June 2012,8231
7 June 2012,4143
8 June 2012,6044
9 June 2012,7127
10 June 2012,4417
11 June 2012,8315
12 June 2012,6156
13 June 2012,8928
14 June 2012,10322
15 June 2012,10222
16 June 2012,8428
17 June 2012,6899
18 June 2012,10311
19 June 2012,10547
20 June 2012,9639
21 June 2012,10178
22 June 2012,10554
23 June 2012,8301
24 June 2012,4438
25 June 2012,8464
26 June 2012,11091
27 June 2012,11505
28 June 2012,12375
29 June 2012,9828
30 June 2012,8447
1 July 2012,2552
2 July 2012,7197
3 July 2012,8763
4 July 2012,11019
5 July 2012,11106
6 July 2012,8913
7 July 2012,8358
8 July 2012,5429
9 July 2012,10712
10 July 2012,11334
11 July 2012,10661
12 July 2012,10421
13 July 2012,8024
14 July 2012,6835
15 July 2012,3634
16 July 2012,10717
17 July 2012,10924
18 July 2012,11803
19 July 2012,10777
20 July 2012,9119
21 July 2012,7076
22 July 2012,5358
23 July 2012,10869
24 July 2012,11601
25 July 2012,11690
26 July 2012,11638
27 July 2012,10483
28 July 2012,7491
29 July 2012,4328
30 July 2012,9227
31 July 2012,9720
1 August 2012,9749
2 August 2012,9493
3 August 2012,9187
4 August 2012,6797
5 August 2012,4104
6 August 2012,6398
7 August 2012,8669
8 August 2012,9240
9 August 2012,8556
10 August 2012,8223
11 August 2012,6542
12 August 2012,4350
13 August 2012,7856
14 August 2012,8606
15 August 2012,8222
16 August 2012,7419
17 August 2012,7898
18 August 2012,5925
19 August 2012,3755
20 August 2012,6969
21 August 2012,7836
22 August 2012,7653
23 August 2012,7799
24 August 2012,4674
25 August 2012,5063
26 August 2012,3065
27 August 2012,7625
28 August 2012,7447
29 August 2012,7520
30 August 2012,6248
31 August 2012,5123
1 September 2012,3846
2 September 2012,3240
3 September 2012,7427
4 September 2012,8196
5 September 2012,8279
6 September 2012,8323
7 September 2012,8521
8 September 2012,7107
9 September 2012,4239
10 September 2012,9120
11 September 2012,7274
12 September 2012,6926
13 September 2012,8209
14 September 2012,8667
15 September 2012,6171
16 September 2012,4612
17 September 2012,8831
18 September 2012,8440
19 September 2012,8105
20 September 2012,8923
21 September 2012,8311
22 September 2012,4572
23 September 2012,3838
24 September 2012,6845
25 September 2012,6850
26 September 2012,7435
27 September 2012,7274
28 September 2012,8560
29 September 2012,6968
30 September 2012,3350
1 October 2012,8057
2 October 2012,9328
3 October 2012,4010
4 October 2012,7795
5 October 2012,8913
6 October 2012,6557
7 October 2012,2774
8 October 2012,7781
9 October 2012,5874
10 October 2012,6799
11 October 2012,8685
12 October 2012,6958
13 October 2012,6572
14 October 2012,3205
15 October 2012,7573
16 October 2012,8532
17 October 2012,8958
18 October 2012,9387
19 October 2012,9366
20 October 2012,7580
21 October 2012,4812
22 October 2012,9257
23 October 2012,9552
24 October 2012,9616
25 October 2012,9815
26 October 2012,8486
27 October 2012,3134
28 October 2012,2414
29 October 2012,7352
30 October 2012,7887
31 October 2012,8574
1 November 2012,3723
2 November 2012,6003
3 November 2012,5466
4 November 2012,2217
5 November 2012,7899
6 November 2012,8887
7 November 2012,8661
8 November 2012,9117
9 November 2012,8730
10 November 2012,3688
11 November 2012,2294
12 November 2012,8323
13 November 2012,8823
14 November 2012,8708
15 November 2012,8383
16 November 2012,7834
17 November 2012,5882
18 November 2012,3704
19 November 2012,7844
20 November 2012,8329
21 November 2012,8681
22 November 2012,8250
23 November 2012,8448
24 November 2012,6358
25 November 2012,3660
26 November 2012,6204
27 November 2012,6058
28 November 2012,5872
29 November 2012,6349
30 November 2012,6781
1 December 2012,5028
2 December 2012,2224
3 December 2012,6083
4 December 2012,6741
5 December 2012,6319
6 December 2012,6285
7 December 2012,5231
8 December 2012,3659
9 December 2012,1965
10 December 2012,5771
11 December 2012,4236
12 December 2012,4305
13 December 2012,4779
14 December 2012,5275
15 December 2012,4585
16 December 2012,2955
17 December 2012,7175
18 December 2012,7568
19 December 2012,7930
20 December 2012,6237
21 December 2012,5930
22 December 2012,3394
23 December 2012,1785
24 December 2012,2522
25 December 2012,947
26 December 2012,874
27 December 2012,1921
28 December 2012,3031
29 December 2012,3286
30 December 2012,1818
31 December 2012,2928
1 January 2013,1399
2 January 2013,3831
3 January 2013,3755
4 January 2013,4051
5 January 2013,3505
6 January 2013,2238
7 January 2013,6786
8 January 2013,7236
9 January 2013,7350
10 January 2013,6934
11 January 2013,6768
12 January 2013,5010
13 January 2013,2696
14 January 2013,6278
15 January 2013,6325
16 January 2013,6094
17 January 2013,4180
18 January 2013,4171
19 January 2013,2509
20 January 2013,806
21 January 2013,3990
22 January 2013,5671
23 January 2013,6069
24 January 2013,5926
25 January 2013,5707
26 January 2013,4282
27 January 2013,2399
28 January 2013,6439
29 January 2013,5841
30 January 2013,6317
31 January 2013,6898
1 February 2013,5420
2 February 2013,4456
3 February 2013,3066
4 February 2013,5696
5 February 2013,5588
6 February 2013,5514
7 February 2013,4340
8 February 2013,4624
9 February 2013,2959
10 February 2013,1950
11 February 2013,2978
12 February 2013,3183
13 February 2013,3765
14 February 2013,4313
15 February 2013,4163
16 February 2013,3691
17 February 2013,2029
18 February 2013,5791
19 February 2013,6137
20 February 2013,5630
21 February 2013,5666
22 February 2013,5036
23 February 2013,3180
24 February 2013,1424
25 February 2013,4868
26 February 2013,5502
27 February 2013,5708
28 February 2013,5780
1 March 2013,5770
2 March 2013,4053
3 March 2013,2500
4 March 2013,6196
5 March 2013,6539
6 March 2013,6609
7 March 2013,6947
8 March 2013,6351
9 March 2013,4720
10 March 2013,2591
11 March 2013,4953
12 March 2013,5424
13 March 2013,4755
14 March 2013,5541
15 March 2013,5335
16 March 2013,4300
17 March 2013,2165
18 March 2013,5077
19 March 2013,5974
20 March 2013,5964
21 March 2013,6992
22 March 2013,6657
23 March 2013,3501
24 March 2013,2524
25 March 2013,4525
26 March 2013,4926
27 March 2013,5243
28 March 2013,4415
29 March 2013,1931
30 March 2013,2713
31 March 2013,1282
1 April 2013,1868
2 April 2013,5581
3 April 2013,5451
4 April 2013,6085
5 April 2013,5848
6 April 2013,5021
7 April 2013,2252
8 April 2013,6687
9 April 2013,6329
10 April 2013,6950
11 April 2013,5879
12 April 2013,7683
13 April 2013,6313
14 April 2013,5263
15 April 2013,10654
16 April 2013,10540
17 April 2013,11670
18 April 2013,9912
19 April 2013,8496
20 April 2013,5593
21 April 2013,3985
22 April 2013,8948
23 April 2013,11316
24 April 2013,11745
25 April 2013,11855
26 April 2013,8087
27 April 2013,3783
28 April 2013,3230
29 April 2013,7509
30 April 2013,9813
1 May 2013,6038
2 May 2013,9016
3 May 2013,8341
4 May 2013,6095
5 May 2013,5325
6 May 2013,9511
7 May 2013,11094
8 May 2013,11603
9 May 2013,5213
10 May 2013,6363
11 May 2013,7314
12 May 2013,3243
13 May 2013,8995
14 May 2013,11043
15 May 2013,9755
16 May 2013,8707
17 May 2013,6782
18 May 2013,7005
19 May 2013,2344
20 May 2013,2075
21 May 2013,4459
22 May 2013,4814
23 May 2013,5301
24 May 2013,5453
25 May 2013,4501
26 May 2013,2219
27 May 2013,8207
28 May 2013,8203
29 May 2013,6639
30 May 2013,4381
31 May 2013,3449
1 June 2013,3136
2 June 2013,5256
3 June 2013,9966
4 June 2013,11444
5 June 2013,11365
6 June 2013,12206
7 June 2013,10002
8 June 2013,8130
9 June 2013,5050
10 June 2013,8992
11 June 2013,10517
12 June 2013,11428
13 June 2013,11615
14 June 2013,9972
15 June 2013,7792
16 June 2013,5321
17 June 2013,11257
18 June 2013,11954
19 June 2013,11644
20 June 2013,9977
21 June 2013,10522
22 June 2013,8998
23 June 2013,5211
24 June 2013,8632
25 June 2013,9773
26 June 2013,11111
27 June 2013,8930
28 June 2013,10050
29 June 2013,5184
30 June 2013,5189
1 July 2013,11248
2 July 2013,12037
3 July 2013,7787
4 July 2013,9793
5 July 2013,11061
6 July 2013,8460
7 July 2013,5842
8 July 2013,11615
9 July 2013,12059
10 July 2013,12514
11 July 2013,12394
12 July 2013,11621
13 July 2013,9759
14 July 2013,6124
15 July 2013,11663
16 July 2013,12326
17 July 2013,11785
18 July 2013,11730
19 July 2013,10617
20 July 2013,8644
21 July 2013,5861
22 July 2013,10574
23 July 2013,10900
24 July 2013,9959
25 July 2013,11598
26 July 2013,9791
27 July 2013,7046
28 July 2013,3391
29 July 2013,5331
30 July 2013,9794
31 July 2013,9638
1 August 2013,9436
2 August 2013,8767
3 August 2013,6907
4 August 2013,4391
5 August 2013,8781
6 August 2013,8831
7 August 2013,7310
8 August 2013,7654
9 August 2013,8120
10 August 2013,6896
11 August 2013,4199
12 August 2013,8207
13 August 2013,7775
14 August 2013,8316
15 August 2013,8180
16 August 2013,8081
17 August 2013,6381
18 August 2013,3812
19 August 2013,6154
20 August 2013,8032
21 August 2013,8121
22 August 2013,7844
23 August 2013,7544
24 August 2013,4404
25 August 2013,2588
26 August 2013,6992
27 August 2013,6686
28 August 2013,6575
29 August 2013,7972
30 August 2013,7836
31 August 2013,5884
1 September 2013,3572
2 September 2013,7789
3 September 2013,8638
4 September 2013,8812
5 September 2013,8711
6 September 2013,8406
7 September 2013,6287
8 September 2013,3061
9 September 2013,8554
10 September 2013,6081
11 September 2013,6612
12 September 2013,6466
13 September 2013,8419
14 September 2013,5534
15 September 2013,2670
16 September 2013,6345
17 September 2013,7386
18 September 2013,5725
19 September 2013,7980
20 September 2013,7979
21 September 2013,7133
22 September 2013,4771
23 September 2013,8886
24 September 2013,9395
25 September 2013,9676
26 September 2013,8831
27 September 2013,9070
28 September 2013,8425
29 September 2013,3511
30 September 2013,8589
1 October 2013,9081
2 October 2013,9697
3 October 2013,4504
4 October 2013,7207
5 October 2013,4666
6 October 2013,2834
7 October 2013,8269
8 October 2013,8839
9 October 2013,8832
10 October 2013,5542
11 October 2013,7137
12 October 2013,5432
13 October 2013,3595
14 October 2013,7441
15 October 2013,7586
16 October 2013,9193
17 October 2013,9720
18 October 2013,9597
19 October 2013,7715
20 October 2013,2913
21 October 2013,9541
22 October 2013,11434
23 October 2013,7742
24 October 2013,11033
25 October 2013,10150
26 October 2013,7839
27 October 2013,4052
28 October 2013,8463
29 October 2013,9083
30 October 2013,9629
31 October 2013,9059
1 November 2013,3854
2 November 2013,5309
3 November 2013,2932
4 November 2013,7199
5 November 2013,8765
6 November 2013,8586
7 November 2013,9238
8 November 2013,8075
9 November 2013,6301
10 November 2013,2514
11 November 2013,8843
12 November 2013,9139
13 November 2013,8755
14 November 2013,8328
15 November 2013,8194
16 November 2013,6076
17 November 2013,3312
18 November 2013,8938
19 November 2013,7492
20 November 2013,7046
21 November 2013,6511
22 November 2013,6681
23 November 2013,4926
24 November 2013,2844
25 November 2013,7642
26 November 2013,7790
27 November 2013,7735
28 November 2013,7533
29 November 2013,7412
30 November 2013,5298
1 December 2013,2923
2 December 2013,7810
3 December 2013,7989
4 December 2013,8105
5 December 2013,7839
6 December 2013,6984
7 December 2013,5456
8 December 2013,3448
9 December 2013,7444
10 December 2013,7963
11 December 2013,8102
12 December 2013,7369
13 December 2013,6839
14 December 2013,4369
15 December 2013,3119
16 December 2013,7844
17 December 2013,8631
18 December 2013,8690
19 December 2013,7346
20 December 2013,7057
21 December 2013,4866
22 December 2013,2030
23 December 2013,4584
24 December 2013,2032
25 December 2013,584
26 December 2013,575
27 December 2013,3006
28 December 2013,1523
29 December 2013,1633
30 December 2013,3719
31 December 2013,2727
1 January 2014,1644
2 January 2014,3054
3 January 2014,4240
4 January 2014,2814
5 January 2014,2635
6 January 2014,2820
7 January 2014,8331
8 January 2014,8291
9 January 2014,8646
10 January 2014,8383
11 January 2014,5530
12 January 2014,3653
13 January 2014,7202
14 January 2014,7452
15 January 2014,8459
16 January 2014,7116
17 January 2014,7778
18 January 2014,5879
19 January 2014,3326
20 January 2014,7004
21 January 2014,7486
22 January 2014,8088
23 January 2014,7394
24 January 2014,7040
25 January 2014,5506
26 January 2014,3232
27 January 2014,7362
28 January 2014,8190
29 January 2014,8289
30 January 2014,8233
31 January 2014,7884
1 February 2014,4992
2 February 2014,3190
3 February 2014,7579
4 February 2014,7734
5 February 2014,7523
6 February 2014,8565
7 February 2014,6978
8 February 2014,4760
9 February 2014,3103
10 February 2014,7063
11 February 2014,7959
12 February 2014,8468
13 February 2014,6232
14 February 2014,7711
15 February 2014,3742
16 February 2014,2815
17 February 2014,7783
18 February 2014,8164
19 February 2014,8069
20 February 2014,8012
21 February 2014,6428
22 February 2014,4988
23 February 2014,3720
24 February 2014,7975
25 February 2014,8322
26 February 2014,5709
27 February 2014,7430
28 February 2014,6274
1 March 2014,4784
2 March 2014,3032
3 March 2014,5096
4 March 2014,5848
5 March 2014,6890
6 March 2014,7375
7 March 2014,7646
8 March 2014,6263
9 March 2014,4465
10 March 2014,8347
11 March 2014,8870
12 March 2014,8947
13 March 2014,8842
14 March 2014,8658
15 March 2014,5309
16 March 2014,3990
17 March 2014,8789
18 March 2014,9181
19 March 2014,8620
20 March 2014,9535
21 March 2014,8529
22 March 2014,4226
23 March 2014,2803
24 March 2014,6198
25 March 2014,7822
26 March 2014,10079
27 March 2014,8673
28 March 2014,8576
29 March 2014,7325
30 March 2014,4513
31 March 2014,8731
1 April 2014,9986
2 April 2014,10142
3 April 2014,9686
4 April 2014,9246
5 April 2014,5800
6 April 2014,3309
7 April 2014,9927
8 April 2014,8587
9 April 2014,10405
10 April 2014,10345
11 April 2014,10177
12 April 2014,8237
13 April 2014,5211
14 April 2014,8647
15 April 2014,8995
16 April 2014,8721
17 April 2014,8574
18 April 2014,2299
19 April 2014,4144
20 April 2014,2501
21 April 2014,2089
22 April 2014,7807
23 April 2014,8181
24 April 2014,8944
25 April 2014,8153
26 April 2014,6311
27 April 2014,3564
28 April 2014,8016
29 April 2014,9750
30 April 2014,8214
1 May 2014,5429
2 May 2014,7064
3 May 2014,6105
4 May 2014,4752
5 May 2014,11517
6 May 2014,11475
7 May 2014,8840
8 May 2014,11118
9 May 2014,9382
10 May 2014,7233
11 May 2014,3444
12 May 2014,8732
13 May 2014,8716
14 May 2014,10347
15 May 2014,10510
16 May 2014,10527
17 May 2014,9732
18 May 2014,5761
19 May 2014,11259
20 May 2014,12592
21 May 2014,12494
22 May 2014,11486
23 May 2014,10190
24 May 2014,8701
25 May 2014,5784
26 May 2014,10162
27 May 2014,9220
28 May 2014,11530
29 May 2014,6025
30 May 2014,9122
31 May 2014,8065
1 June 2014,5457
2 June 2014,11244
3 June 2014,12125
4 June 2014,10014
5 June 2014,12057
6 June 2014,10823
7 June 2014,7323
8 June 2014,4121
9 June 2014,3966
10 June 2014,8043
11 June 2014,8365
12 June 2014,8406
13 June 2014,8868
14 June 2014,6838
15 June 2014,5780
16 June 2014,11992
17 June 2014,10026
18 June 2014,11386
19 June 2014,6263
20 June 2014,9715
21 June 2014,8854
22 June 2014,5507
23 June 2014,11484
24 June 2014,12295
25 June 2014,13056
26 June 2014,13939
27 June 2014,11880
28 June 2014,7126
29 June 2014,4212
30 June 2014,10528
1 July 2014,13616
2 July 2014,12406
3 July 2014,13451
4 July 2014,12201
5 July 2014,6945
6 July 2014,5687
7 July 2014,9734
8 July 2014,8513
9 July 2014,9360
10 July 2014,9986
11 July 2014,10152
12 July 2014,8192
13 July 2014,7592
14 July 2014,11818
15 July 2014,13053
16 July 2014,13060
17 July 2014,13251
18 July 2014,12095
19 July 2014,8454
20 July 2014,3944
21 July 2014,9197
22 July 2014,7991
23 July 2014,13871
24 July 2014,13785
25 July 2014,12110
26 July 2014,6199
27 July 2014,5657
28 July 2014,9720
29 July 2014,9027
30 July 2014,8850
31 July 2014,12123
1 August 2014,11046
2 August 2014,7769
3 August 2014,4993
4 August 2014,9997
5 August 2014,10690
6 August 2014,10176
7 August 2014,8804
8 August 2014,10012
9 August 2014,6867
10 August 2014,4174
11 August 2014,8271
12 August 2014,9299
13 August 2014,5982
14 August 2014,8362
15 August 2014,6540
16 August 2014,5813
17 August 2014,4259
18 August 2014,7411
19 August 2014,8650
20 August 2014,8586
21 August 2014,8571
22 August 2014,7796
23 August 2014,5204
24 August 2014,3643
25 August 2014,7136
26 August 2014,6112
27 August 2014,6747
28 August 2014,8241
29 August 2014,6494
30 August 2014,6344
31 August 2014,2413
1 September 2014,7308
2 September 2014,8081
3 September 2014,7886
4 September 2014,8359
5 September 2014,8148
6 September 2014,6786
7 September 2014,4382
8 September 2014,8825
9 September 2014,9358
10 September 2014,9354
11 September 2014,9031
12 September 2014,5618
13 September 2014,5975
14 September 2014,4480
15 September 2014,9759
16 September 2014,10462
17 September 2014,10700
18 September 2014,9681
19 September 2014,9891
20 September 2014,7956
21 September 2014,2811
22 September 2014,8670
23 September 2014,9814
24 September 2014,8833
25 September 2014,9026
26 September 2014,9697
27 September 2014,9533
28 September 2014,4844
29 September 2014,10029
30 September 2014,9714
1 October 2014,10849
2 October 2014,10952
3 October 2014,4998
4 October 2014,7934
5 October 2014,4111
6 October 2014,9889
7 October 2014,7884
8 October 2014,9512
9 October 2014,10054
10 October 2014,8581
11 October 2014,7119
12 October 2014,4570
13 October 2014,9240
14 October 2014,11487
15 October 2014,10541
16 October 2014,9895
17 October 2014,10112
18 October 2014,9184
19 October 2014,5915
20 October 2014,11034
21 October 2014,10052
22 October 2014,9924
23 October 2014,10774
24 October 2014,10443
25 October 2014,7616
26 October 2014,5144
27 October 2014,9435
28 October 2014,10141
29 October 2014,10647
30 October 2014,10211
31 October 2014,9999
1 November 2014,5593
2 November 2014,4828
3 November 2014,10394
4 November 2014,10676
5 November 2014,7020
6 November 2014,10405
7 November 2014,9207
8 November 2014,7947
9 November 2014,4882
10 November 2014,8341
11 November 2014,9649
12 November 2014,9337
13 November 2014,9762
14 November 2014,9535
15 November 2014,5377
16 November 2014,3269
17 November 2014,8249
18 November 2014,9720
19 November 2014,10568
20 November 2014,9886
21 November 2014,8827
22 November 2014,7219
23 November 2014,4321
24 November 2014,10332
25 November 2014,10287
26 November 2014,9868
27 November 2014,9848
28 November 2014,9261
29 November 2014,6463
30 November 2014,3676
1 December 2014,8700
2 December 2014,9038
3 December 2014,9025
4 December 2014,9536
5 December 2014,8531
6 December 2014,5322
7 December 2014,3517
8 December 2014,8740
9 December 2014,8492
10 December 2014,8605
11 December 2014,8762
12 December 2014,8547
13 December 2014,7027
14 December 2014,4105
15 December 2014,9233
16 December 2014,9693
17 December 2014,7682
18 December 2014,8541
19 December 2014,8505
20 December 2014,5911
21 December 2014,3284
22 December 2014,6783
23 December 2014,5511
24 December 2014,2091
25 December 2014,992
26 December 2014,1033
27 December 2014,1638
28 December 2014,753
29 December 2014,1302
30 December 2014,1101
31 December 2014,1321
1 January 2015,925
2 January 2015,1819
3 January 2015,2376
4 January 2015,2179
5 January 2015,5157
6 January 2015,2767
7 January 2015,7155
8 January 2015,7857
9 January 2015,7255
10 January 2015,5584
11 January 2015,3199
12 January 2015,8393
13 January 2015,9462
14 January 2015,7382
15 January 2015,9010
16 January 2015,5835
17 January 2015,3947
18 January 2015,3368
19 January 2015,7270
20 January 2015,6780
21 January 2015,8062
22 January 2015,8293
23 January 2015,7968
24 January 2015,4637
25 January 2015,2924
26 January 2015,6145
27 January 2015,7323
28 January 2015,7885
29 January 2015,7905
30 January 2015,7188
31 January 2015,4837
1 February 2015,2646
2 February 2015,6543
3 February 2015,7519
4 February 2015,7954
5 February 2015,7295
6 February 2015,6998
7 February 2015,5113
8 February 2015,2130
9 February 2015,6793
10 February 2015,7778
11 February 2015,7842
12 February 2015,7801
13 February 2015,7034
14 February 2015,4832
15 February 2015,2673
16 February 2015,5145
17 February 2015,6159
18 February 2015,6617
19 February 2015,6713
20 February 2015,6908
21 February 2015,3511
22 February 2015,2846
23 February 2015,5120
24 February 2015,7234
25 February 2015,7899
26 February 2015,7954
27 February 2015,4620
28 February 2015,5159
1 March 2015,2801
2 March 2015,7526
3 March 2015,8194
4 March 2015,7989
5 March 2015,8427
6 March 2015,8413
7 March 2015,6333
8 March 2015,4158
9 March 2015,8675
10 March 2015,8962
11 March 2015,8833
12 March 2015,9296
13 March 2015,8888
14 March 2015,6584
15 March 2015,4143
16 March 2015,8725
17 March 2015,9547
18 March 2015,9637
19 March 2015,9885
20 March 2015,9296
21 March 2015,6346
22 March 2015,3889
23 March 2015,9642
24 March 2015,10106
25 March 2015,8635
26 March 2015,7929
27 March 2015,9026
28 March 2015,6684
29 March 2015,2160
30 March 2015,6693
31 March 2015,6215
1 April 2015,6340
2 April 2015,4877
3 April 2015,2925
4 April 2015,2308
5 April 2015,2114
6 April 2015,2566
7 April 2015,7805
8 April 2015,8514
9 April 2015,9190
10 April 2015,9667
11 April 2015,5154
12 April 2015,5614
13 April 2015,11182
14 April 2015,11999
15 April 2015,12751
16 April 2015,11633
17 April 2015,6308
18 April 2015,8989
19 April 2015,6762
20 April 2015,13129
21 April 2015,14094
22 April 2015,14617
23 April 2015,14232
24 April 2015,13447
25 April 2015,6981
26 April 2015,5427
27 April 2015,10728
28 April 2015,10396
29 April 2015,13834
30 April 2015,12014
1 May 2015,3032
2 May 2015,6720
3 May 2015,3251
4 May 2015,12486
5 May 2015,12052
6 May 2015,14192
7 May 2015,14618
8 May 2015,13248
9 May 2015,10202
10 May 2015,6885
11 May 2015,14010
12 May 2015,15020
13 May 2015,14376
14 May 2015,5624
15 May 2015,5938
16 May 2015,9145
17 May 2015,6627
18 May 2015,14163
19 May 2015,12534
20 May 2015,10461
21 May 2015,13612
22 May 2015,12391
23 May 2015,8386
24 May 2015,4570
25 May 2015,3352
26 May 2015,7881
27 May 2015,9163
28 May 2015,9208
29 May 2015,8246
30 May 2015,6690
31 May 2015,5251
1 June 2015,9917
2 June 2015,12618
3 June 2015,12935
4 June 2015,7626
5 June 2015,10709
6 June 2015,8590
7 June 2015,6547
8 June 2015,12241
9 June 2015,13848
10 June 2015,14144
11 June 2015,15119
12 June 2015,12375
13 June 2015,10436
14 June 2015,6941
15 June 2015,9759
16 June 2015,13074
17 June 2015,15148
18 June 2015,11059
19 June 2015,12566
20 June 2015,8211
21 June 2015,5855
22 June 2015,11953
23 June 2015,13404
24 June 2015,14448
25 June 2015,14686
26 June 2015,13272
27 June 2015,9101
28 June 2015,10322
29 June 2015,13552
30 June 2015,15049
1 July 2015,15159
2 July 2015,14354
3 July 2015,13117
4 July 2015,9169
5 July 2015,6693
6 July 2015,13743
7 July 2015,13988
8 July 2015,13889
9 July 2015,14517
10 July 2015,13809
11 July 2015,9881
12 July 2015,6939
13 July 2015,13314
14 July 2015,14877
15 July 2015,15259
16 July 2015,14847
17 July 2015,13327
18 July 2015,9915
19 July 2015,7581
20 July 2015,13918
21 July 2015,14734
22 July 2015,14114
23 July 2015,14723
24 July 2015,14687
25 July 2015,10575
26 July 2015,6927
27 July 2015,12139
28 July 2015,13261
29 July 2015,11616
30 July 2015,13391
31 July 2015,12825
1 August 2015,8311
2 August 2015,6666
3 August 2015,11695
4 August 2015,10835
5 August 2015,12492
6 August 2015,11618
7 August 2015,10476
8 August 2015,8206
9 August 2015,5425
10 August 2015,9471
11 August 2015,10869
12 August 2015,10753
13 August 2015,10178
14 August 2015,8452
15 August 2015,7106
16 August 2015,3135
17 August 2015,9257
18 August 2015,9823
19 August 2015,9690
20 August 2015,9972
21 August 2015,9513
22 August 2015,7292
23 August 2015,3532
24 August 2015,5725
25 August 2015,9416
26 August 2015,9695
27 August 2015,9682
28 August 2015,9390
29 August 2015,7371
30 August 2015,5241
31 August 2015,9407
1 September 2015,7537
2 September 2015,9884
3 September 2015,9596
4 September 2015,9487
5 September 2015,7187
6 September 2015,4108
7 September 2015,9413
8 September 2015,10102
9 September 2015,10725
10 September 2015,10558
11 September 2015,10310
12 September 2015,7092
13 September 2015,4557
14 September 2015,9001
15 September 2015,9937
16 September 2015,8895
17 September 2015,7405
18 September 2015,10575
19 September 2015,6842
20 September 2015,5211
21 September 2015,10961
22 September 2015,9117
23 September 2015,9145
24 September 2015,11092
25 September 2015,11013
26 September 2015,9856
27 September 2015,5786
28 September 2015,10608
29 September 2015,11552
30 September 2015,11803
1 October 2015,11615
2 October 2015,11083
3 October 2015,6090
4 October 2015,5292
5 October 2015,10081
6 October 2015,9704
7 October 2015,11264
8 October 2015,11523
9 October 2015,11057
10 October 2015,8161
11 October 2015,5744
12 October 2015,11189
13 October 2015,10842
14 October 2015,10738
15 October 2015,9681
16 October 2015,10067
17 October 2015,6880
18 October 2015,4762
19 October 2015,11424
20 October 2015,12360
21 October 2015,12689
22 October 2015,12143
23 October 2015,11623
24 October 2015,8992
25 October 2015,6212
26 October 2015,11954
27 October 2015,12086
28 October 2015,12573
29 October 2015,11845
30 October 2015,11455
31 October 2015,8190
1 November 2015,4935
2 November 2015,9975
3 November 2015,10439
4 November 2015,11089
5 November 2015,11473
6 November 2015,10527
7 November 2015,8734
8 November 2015,6191
9 November 2015,11789
10 November 2015,13019
11 November 2015,13251
12 November 2015,12840
13 November 2015,11634
14 November 2015,8135
15 November 2015,5652
16 November 2015,11861
17 November 2015,11500
18 November 2015,12693
19 November 2015,11600
20 November 2015,6200
21 November 2015,5327
22 November 2015,3524
23 November 2015,10107
24 November 2015,10384
25 November 2015,9162
26 November 2015,9085
27 November 2015,9331
28 November 2015,6125
29 November 2015,3574
30 November 2015,9413
1 December 2015,10474
2 December 2015,11765
3 December 2015,11014
4 December 2015,9663
5 December 2015,8129
6 December 2015,4932
7 December 2015,11123
8 December 2015,11931
9 December 2015,11358
10 December 2015,11386
11 December 2015,9976
12 December 2015,7802
13 December 2015,5516
14 December 2015,10745
15 December 2015,11456
16 December 2015,11144
17 December 2015,12130
18 December 2015,11233
19 December 2015,8452
20 December 2015,5043
21 December 2015,8679
22 December 2015,10334
23 December 2015,7061
24 December 2015,2838
25 December 2015,1565
26 December 2015,1870
27 December 2015,2384
28 December 2015,4840
29 December 2015,5156
30 December 2015,5031
31 December 2015,2859
1 January 2016,1970
2 January 2016,2637
3 January 2016,2882
4 January 2016,5700
5 January 2016,6399
6 January 2016,2505
7 January 2016,6750
8 January 2016,6966
9 January 2016,5944
10 January 2016,3532
11 January 2016,7189
12 January 2016,8425
13 January 2016,9291
14 January 2016,9557
15 January 2016,8021
16 January 2016,4545
17 January 2016,2456
18 January 2016,6138
19 January 2016,7107
20 January 2016,7516
21 January 2016,7847
22 January 2016,7231
23 January 2016,5639
24 January 2016,4241
25 January 2016,9489
26 January 2016,10472
27 January 2016,10477
28 January 2016,9312
29 January 2016,9862
30 January 2016,6022
31 January 2016,3296
1 February 2016,9647
2 February 2016,10291
3 February 2016,8918
4 February 2016,8089
5 February 2016,8802
6 February 2016,6729
7 February 2016,3384
8 February 2016,5865
9 February 2016,6235
10 February 2016,7560
11 February 2016,8617
12 February 2016,7977
13 February 2016,4945
14 February 2016,2893
15 February 2016,7482
16 February 2016,8863
17 February 2016,8852
18 February 2016,9218
19 February 2016,8004
20 February 2016,4804
21 February 2016,3806
22 February 2016,9069
23 February 2016,7423
24 February 2016,9014
25 February 2016,6542
26 February 2016,8136
27 February 2016,6313
28 February 2016,3620
29 February 2016,7587
1 March 2016,7200
2 March 2016,6866
3 March 2016,7106
4 March 2016,6899
5 March 2016,5555
6 March 2016,3287
7 March 2016,7940
8 March 2016,6863
9 March 2016,8887
10 March 2016,8901
11 March 2016,8558
12 March 2016,6057
13 March 2016,3600
14 March 2016,8720
15 March 2016,8326
16 March 2016,8881
17 March 2016,9586
18 March 2016,9669
19 March 2016,6878
20 March 2016,4128
21 March 2016,9452
22 March 2016,9615
23 March 2016,8652
24 March 2016,8599
25 March 2016,1949
26 March 2016,5483
27 March 2016,1908
28 March 2016,2615
29 March 2016,7567
30 March 2016,6994
31 March 2016,8360
1 April 2016,7372
2 April 2016,6976
3 April 2016,3217
4 April 2016,9730
5 April 2016,8857
6 April 2016,10790
7 April 2016,8986
8 April 2016,9865
9 April 2016,6869
10 April 2016,6407
11 April 2016,10889
12 April 2016,11090
13 April 2016,9273
14 April 2016,12012
15 April 2016,7266
16 April 2016,5176
17 April 2016,3381
18 April 2016,9055
19 April 2016,14830
20 April 2016,14662
21 April 2016,17586
22 April 2016,13387
23 April 2016,5246
24 April 2016,4458
25 April 2016,10188
26 April 2016,8660
27 April 2016,11138
28 April 2016,11843
29 April 2016,12165
30 April 2016,7856
1 May 2016,3834
2 May 2016,12754
3 May 2016,11536
4 May 2016,14780
5 May 2016,7842
6 May 2016,11585
7 May 2016,11558
8 May 2016,7225
9 May 2016,13209
10 May 2016,12900
11 May 2016,13490
12 May 2016,9272
13 May 2016,8584
14 May 2016,5210
15 May 2016,3812
16 May 2016,2523
17 May 2016,8761
18 May 2016,9143
19 May 2016,7588
20 May 2016,9801
21 May 2016,7961
22 May 2016,5230
23 May 2016,6229
24 May 2016,9336
25 May 2016,12747
26 May 2016,7638
27 May 2016,11033
28 May 2016,8947
29 May 2016,4965
30 May 2016,8967
31 May 2016,13516
1 June 2016,14653
2 June 2016,13202
3 June 2016,12310
4 June 2016,6493
5 June 2016,6335
6 June 2016,14114
7 June 2016,15024
8 June 2016,9887
9 June 2016,15108
10 June 2016,14632
11 June 2016,8500
12 June 2016,5469
13 June 2016,10670
14 June 2016,11507
15 June 2016,11390
16 June 2016,11089
17 June 2016,10119
18 June 2016,9508
19 June 2016,9720
20 June 2016,14039
21 June 2016,14233
22 June 2016,15715
23 June 2016,15117
24 June 2016,13765
25 June 2016,8012
26 June 2016,7477
27 June 2016,13887
28 June 2016,15278
29 June 2016,15040
30 June 2016,13718
1 July 2016,13486
2 July 2016,8171
3 July 2016,7564
4 July 2016,14652
5 July 2016,15445
6 July 2016,15840
7 July 2016,16854
8 July 2016,14407
9 July 2016,11735
10 July 2016,8338
11 July 2016,13482
12 July 2016,12760
13 July 2016,11460
14 July 2016,12651
15 July 2016,13377
16 July 2016,10901
17 July 2016,8163
18 July 2016,14567
19 July 2016,15784
20 July 2016,15251
21 July 2016,15185
22 July 2016,12658
23 July 2016,10538
24 July 2016,7796
25 July 2016,14235
26 July 2016,14949
27 July 2016,15061
28 July 2016,14358
29 July 2016,13350
30 July 2016,9955
31 July 2016,5284
1 August 2016,12476
2 August 2016,9700
3 August 2016,12607
4 August 2016,10188
5 August 2016,9148
6 August 2016,8428
7 August 2016,6063
8 August 2016,10930
9 August 2016,9233
10 August 2016,10543
11 August 2016,10869
12 August 2016,9866
13 August 2016,8118
14 August 2016,5906
15 August 2016,10670
16 August 2016,10741
17 August 2016,10611
18 August 2016,8572
19 August 2016,9458
20 August 2016,5358
21 August 2016,4314
22 August 2016,9717
23 August 2016,10413
24 August 2016,10307
25 August 2016,10128
26 August 2016,9098
27 August 2016,6696
28 August 2016,5305
29 August 2016,9341
30 August 2016,10720
31 August 2016,10670
1 September 2016,10604
2 September 2016,10315
3 September 2016,7782
4 September 2016,3750
5 September 2016,7984
6 September 2016,11197
7 September 2016,11336
8 September 2016,11564
9 September 2016,11073
10 September 2016,9031
11 September 2016,6075
12 September 2016,11969
13 September 2016,12703
14 September 2016,12992
15 September 2016,11256
16 September 2016,10233
17 September 2016,8939
18 September 2016,3184
19 September 2016,10892
20 September 2016,11815
21 September 2016,12549
22 September 2016,12167
23 September 2016,11829
24 September 2016,10452
25 September 2016,6384
26 September 2016,11108
27 September 2016,11731
28 September 2016,12875
29 September 2016,12545
30 September 2016,11470
1 October 2016,6900
2 October 2016,4885
3 October 2016,5528
4 October 2016,11811
5 October 2016,12236
6 October 2016,11910
7 October 2016,10793
8 October 2016,8131
9 October 2016,4051
10 October 2016,11057
11 October 2016,11621
12 October 2016,12466
13 October 2016,12242
14 October 2016,11102
15 October 2016,9280
16 October 2016,6185
17 October 2016,11184
18 October 2016,11261
19 October 2016,12056
20 October 2016,11784
21 October 2016,10654
22 October 2016,8935
23 October 2016,3569
24 October 2016,11189
25 October 2016,11173
26 October 2016,12458
27 October 2016,13194
28 October 2016,11332
29 October 2016,7736
30 October 2016,4042
31 October 2016,9234
1 November 2016,5595
2 November 2016,10381
3 November 2016,11139
4 November 2016,9969
5 November 2016,4758
6 November 2016,3357
7 November 2016,10176
8 November 2016,11056
9 November 2016,10039
10 November 2016,10098
11 November 2016,8987
12 November 2016,6351
13 November 2016,4275
14 November 2016,10147
15 November 2016,10933
16 November 2016,9369
17 November 2016,10960
18 November 2016,7775
19 November 2016,5348
20 November 2016,5011
21 November 2016,11038
22 November 2016,12182
23 November 2016,11600
24 November 2016,11564
25 November 2016,11322
26 November 2016,7551
27 November 2016,4672
28 November 2016,11156
29 November 2016,11264
30 November 2016,11054
1 December 2016,11132
2 December 2016,10276
3 December 2016,6761
4 December 2016,4024
5 December 2016,10161
6 December 2016,10302
7 December 2016,9334
8 December 2016,10374
9 December 2016,10195
10 December 2016,7705
11 December 2016,4202
12 December 2016,10681
13 December 2016,10489
14 December 2016,11337
15 December 2016,10865
16 December 2016,9865
17 December 2016,6730
18 December 2016,3967
19 December 2016,10708
20 December 2016,10456
21 December 2016,10238
22 December 2016,8998
23 December 2016,5594
24 December 2016,2120
25 December 2016,1022
26 December 2016,1183
27 December 2016,3539
28 December 2016,3856
29 December 2016,3409
30 December 2016,3565
31 December 2016,2169
1 January 2017,1570
2 January 2017,3107
3 January 2017,2838
4 January 2017,3286
5 January 2017,3001
6 January 2017,1428
7 January 2017,2359
8 January 2017,1628
9 January 2017,6565
10 January 2017,5559
11 January 2017,6926
12 January 2017,8046
13 January 2017,7378
14 January 2017,4054
15 January 2017,1816
16 January 2017,5914
17 January 2017,6565
18 January 2017,6816
19 January 2017,7025
20 January 2017,6309
21 January 2017,4087
22 January 2017,2592
23 January 2017,6113
24 January 2017,6259
25 January 2017,6674
26 January 2017,7182
27 January 2017,6823
28 January 2017,4887
29 January 2017,3461
30 January 2017,6536
31 January 2017,6813
1 February 2017,8368
2 February 2017,9536
3 February 2017,8768
4 February 2017,4838
5 February 2017,2675
6 February 2017,8521
7 February 2017,8908
8 February 2017,8748
9 February 2017,9327
10 February 2017,7922
11 February 2017,5455
12 February 2017,3908
13 February 2017,8566
14 February 2017,9489
15 February 2017,9891
16 February 2017,10172
17 February 2017,7726
18 February 2017,6530
19 February 2017,4386
20 February 2017,8592
21 February 2017,8507
22 February 2017,8923
23 February 2017,9425
24 February 2017,7603
25 February 2017,6399
26 February 2017,3912
27 February 2017,7276
28 February 2017,5934
1 March 2017,6920
2 March 2017,8474
3 March 2017,8403
4 March 2017,5736
5 March 2017,3324
6 March 2017,7040
7 March 2017,7788
8 March 2017,8422
9 March 2017,7111
10 March 2017,10366
11 March 2017,7964
12 March 2017,5380
13 March 2017,10285
14 March 2017,10791
15 March 2017,11370
16 March 2017,11313
17 March 2017,10705
18 March 2017,5013
19 March 2017,4084
20 March 2017,9849
21 March 2017,9105
22 March 2017,8786
23 March 2017,11264
24 March 2017,9881
25 March 2017,8412
26 March 2017,5402
27 March 2017,11037
28 March 2017,11773
29 March 2017,12007
30 March 2017,12409
31 March 2017,12231
1 April 2017,9789
2 April 2017,3769
3 April 2017,11625
4 April 2017,12346
5 April 2017,12559
6 April 2017,12471
7 April 2017,12272
8 April 2017,9939
9 April 2017,6678
10 April 2017,11221
11 April 2017,11866
12 April 2017,12018
13 April 2017,10655
14 April 2017,4389
15 April 2017,4445
16 April 2017,2158
17 April 2017,1976
18 April 2017,7625
19 April 2017,7627
20 April 2017,9907
21 April 2017,10091
22 April 2017,7542
23 April 2017,6900
24 April 2017,14318
25 April 2017,10842
26 April 2017,9907
27 April 2017,10052
28 April 2017,10727
29 April 2017,8933
30 April 2017,7182
1 May 2017,4867
2 May 2017,13180
3 May 2017,13474
4 May 2017,11766
5 May 2017,13153
6 May 2017,6492
7 May 2017,4384
8 May 2017,10120
9 May 2017,13937
10 May 2017,15765
11 May 2017,13346
12 May 2017,12554
13 May 2017,11732
14 May 2017,5784
15 May 2017,14520
16 May 2017,16052
17 May 2017,16804
18 May 2017,13606
19 May 2017,6970
20 May 2017,9990
21 May 2017,7813
22 May 2017,15690
23 May 2017,15917
24 May 2017,16363
25 May 2017,8430
26 May 2017,13461
27 May 2017,10091
28 May 2017,6981
29 May 2017,15426
30 May 2017,15263
31 May 2017,16336
1 June 2017,15493
2 June 2017,13628
3 June 2017,8022
4 June 2017,4943
5 June 2017,5019
6 June 2017,7827
7 June 2017,8676
8 June 2017,10789
9 June 2017,8419
10 June 2017,8067
11 June 2017,6321
12 June 2017,12352
13 June 2017,14090
14 June 2017,13616
15 June 2017,7884
16 June 2017,11442
17 June 2017,9338
18 June 2017,7372
19 June 2017,15388
20 June 2017,15724
21 June 2017,16650
22 June 2017,15523
23 June 2017,14721
24 June 2017,11395
25 June 2017,8716
26 June 2017,15061
27 June 2017,15687
28 June 2017,14748
29 June 2017,13169
30 June 2017,14304
1 July 2017,9274
2 July 2017,8191
3 July 2017,15440
4 July 2017,16790
5 July 2017,16597
6 July 2017,16436
7 July 2017,14197
8 July 2017,10438
9 July 2017,6264
10 July 2017,12589
11 July 2017,15008
12 July 2017,14220
13 July 2017,16244
14 July 2017,14149
15 July 2017,10887
16 July 2017,7921
17 July 2017,15878
18 July 2017,16283
19 July 2017,15734
20 July 2017,14993
21 July 2017,13874
22 July 2017,10912
23 July 2017,7993
24 July 2017,10594
25 July 2017,11731
26 July 2017,11819
27 July 2017,12750
28 July 2017,13817
29 July 2017,11574
30 July 2017,7053
31 July 2017,12714
1 August 2017,12391
2 August 2017,13039
3 August 2017,12849
4 August 2017,11966
5 August 2017,8740
6 August 2017,6863
7 August 2017,11812
8 August 2017,9850
9 August 2017,10767
10 August 2017,5793
11 August 2017,8394
12 August 2017,6934
13 August 2017,5543
14 August 2017,10615
15 August 2017,10780
16 August 2017,10992
17 August 2017,10466
18 August 2017,8041
19 August 2017,7120
20 August 2017,5891
21 August 2017,9498
22 August 2017,10465
23 August 2017,10475
24 August 2017,9948
25 August 2017,9427
26 August 2017,7572
27 August 2017,5195
28 August 2017,9939
29 August 2017,10571
30 August 2017,9874
31 August 2017,6156
1 September 2017,7963
2 September 2017,4919
3 September 2017,4860
4 September 2017,9934
5 September 2017,11054
6 September 2017,9985
7 September 2017,10020
8 September 2017,9714
9 September 2017,6340
10 September 2017,5390
11 September 2017,10440
12 September 2017,9188
13 September 2017,9757
14 September 2017,7479
15 September 2017,11218
16 September 2017,7793
17 September 2017,4700
18 September 2017,10454
19 September 2017,9802
20 September 2017,11694
21 September 2017,11963
22 September 2017,11504
23 September 2017,10265
24 September 2017,6340
25 September 2017,11562
26 September 2017,12528
27 September 2017,12600
28 September 2017,12146
29 September 2017,11803
30 September 2017,6947
1 October 2017,5635
2 October 2017,9013
3 October 2017,5422
4 October 2017,11818
5 October 2017,11402
6 October 2017,10025
7 October 2017,8640
8 October 2017,4143
9 October 2017,11550
10 October 2017,12606
11 October 2017,13770
12 October 2017,13587
13 October 2017,13427
14 October 2017,10124
15 October 2017,6982
16 October 2017,14580
17 October 2017,15262
18 October 2017,15402
19 October 2017,14876
20 October 2017,13265
21 October 2017,8574
22 October 2017,5270
23 October 2017,11628
24 October 2017,13872
25 October 2017,14965
26 October 2017,14673
27 October 2017,11627
28 October 2017,7774
29 October 2017,3402
30 October 2017,10451
31 October 2017,5096
1 November 2017,5224
2 November 2017,11333
3 November 2017,11455
4 November 2017,9452
5 November 2017,3634
6 November 2017,11611
7 November 2017,11211
8 November 2017,10550
9 November 2017,12143
10 November 2017,9615
11 November 2017,4681
12 November 2017,3000
13 November 2017,10315
14 November 2017,12012
15 November 2017,11346
16 November 2017,10879
17 November 2017,10561
18 November 2017,7135
19 November 2017,4315
20 November 2017,10738
21 November 2017,11842
22 November 2017,13321
23 November 2017,13240
24 November 2017,11299
25 November 2017,5146
26 November 2017,3888
27 November 2017,10418
28 November 2017,8499
29 November 2017,9655
30 November 2017,9281
1 December 2017,9158
2 December 2017,6179
3 December 2017,3346
4 December 2017,8675
5 December 2017,10910
6 December 2017,10949
7 December 2017,11498
8 December 2017,8374
9 December 2017,6386
10 December 2017,2911
11 December 2017,7043
12 December 2017,10926
13 December 2017,10751
14 December 2017,10556
15 December 2017,10078
16 December 2017,5410
17 December 2017,3889
18 December 2017,8189
19 December 2017,10366
20 December 2017,10345
21 December 2017,9918
22 December 2017,6694
23 December 2017,4223
24 December 2017,1245
25 December 2017,1191
26 December 2017,1188
27 December 2017,2759
28 December 2017,3226
29 December 2017,3661
30 December 2017,3138
31 December 2017,2050
1 January 2018,1881
2 January 2018,4817
3 January 2018,4112
4 January 2018,4425
5 January 2018,6046
6 January 2018,4548
7 January 2018,4134
8 January 2018,10116
9 January 2018,11156
10 January 2018,11408
11 January 2018,11360
12 January 2018,10527
13 January 2018,7394
14 January 2018,4596
15 January 2018,10102
16 January 2018,8588
17 January 2018,9577
18 January 2018,8293
19 January 2018,9536
20 January 2018,6349
21 January 2018,4316
22 January 2018,7932
23 January 2018,11020
24 January 2018,12227
25 January 2018,12195
26 January 2018,8574
27 January 2018,6813
28 January 2018,5004
29 January 2018,10870
30 January 2018,11413
31 January 2018,10929
1 February 2018,10454
2 February 2018,10035
3 February 2018,7102
4 February 2018,4765
5 February 2018,9974
6 February 2018,10612
7 February 2018,9767
8 February 2018,9056
9 February 2018,8934
10 February 2018,5615
11 February 2018,3123
12 February 2018,6945
13 February 2018,8632
14 February 2018,8812
15 February 2018,6674
16 February 2018,8242
17 February 2018,3359
18 February 2018,3169
19 February 2018,8996
20 February 2018,9051
21 February 2018,9338
22 February 2018,8895
23 February 2018,7898
24 February 2018,5828
25 February 2018,3438
26 February 2018,7423
27 February 2018,7197
28 February 2018,7574
1 March 2018,7750
2 March 2018,6662
3 March 2018,3363
4 March 2018,3697
5 March 2018,9204
6 March 2018,9420
7 March 2018,9269
8 March 2018,9831
9 March 2018,9257
10 March 2018,5546
11 March 2018,3702
12 March 2018,8579
13 March 2018,8213
14 March 2018,10924
15 March 2018,9177
16 March 2018,9753
17 March 2018,5483
18 March 2018,2319
19 March 2018,7587
20 March 2018,8844
21 March 2018,9541
22 March 2018,8961
23 March 2018,8959
24 March 2018,7045
25 March 2018,4583
26 March 2018,9015
27 March 2018,9089
28 March 2018,7877
29 March 2018,8717
30 March 2018,3196
31 March 2018,5116
1 April 2018,2220
2 April 2018,3413
3 April 2018,9308
4 April 2018,8976
5 April 2018,9056
6 April 2018,11106
7 April 2018,10292
8 April 2018,4336
9 April 2018,12721
10 April 2018,14548
11 April 2018,14834
12 April 2018,14711
13 April 2018,12228
14 April 2018,10395
15 April 2018,7505
16 April 2018,15439
17 April 2018,17528
18 April 2018,17696
19 April 2018,17586
20 April 2018,16016
21 April 2018,12226
22 April 2018,9125
23 April 2018,12791
24 April 2018,17127
25 April 2018,16793
26 April 2018,15832
27 April 2018,16083
28 April 2018,10051
29 April 2018,8429
30 April 2018,14759
1 May 2018,9731
2 May 2018,15279
3 May 2018,15296
4 May 2018,15318
5 May 2018,14885
6 May 2018,10048
7 May 2018,17272
8 May 2018,18043
9 May 2018,17432
10 May 2018,5080
11 May 2018,13807
12 May 2018,11176
13 May 2018,5024
14 May 2018,12770
15 May 2018,13064
16 May 2018,10738
17 May 2018,13119
18 May 2018,13915
19 May 2018,8953
20 May 2018,4741
21 May 2018,5255
22 May 2018,10367
23 May 2018,9312
24 May 2018,10379
25 May 2018,11069
26 May 2018,8627
27 May 2018,6616
28 May 2018,13381
29 May 2018,13613
30 May 2018,13942
31 May 2018,6947
1 June 2018,11919
2 June 2018,10016
3 June 2018,7168
4 June 2018,15060
5 June 2018,16141
6 June 2018,15557
7 June 2018,16049
8 June 2018,14373
9 June 2018,9957
10 June 2018,11936
11 June 2018,14022
12 June 2018,14902
13 June 2018,15828
14 June 2018,17382
15 June 2018,16117
16 June 2018,12705
17 June 2018,8785
18 June 2018,16289
19 June 2018,17684
20 June 2018,17873
21 June 2018,17025
22 June 2018,15296
23 June 2018,12596
24 June 2018,8102
25 June 2018,15726
26 June 2018,17130
27 June 2018,17728
28 June 2018,16308
29 June 2018,16052
30 June 2018,12558
1 July 2018,9115
2 July 2018,16191
3 July 2018,15069
4 July 2018,16987
5 July 2018,13548
6 July 2018,13966
7 July 2018,11953
8 July 2018,8666
9 July 2018,17228
10 July 2018,16662
11 July 2018,16968
12 July 2018,17777
13 July 2018,15958
14 July 2018,11774
15 July 2018,8243
16 July 2018,16291
17 July 2018,16961
18 July 2018,17599
19 July 2018,16982
20 July 2018,13767
21 July 2018,10814
22 July 2018,8079
23 July 2018,15050
24 July 2018,15717
25 July 2018,15801
26 July 2018,15354
27 July 2018,13900
28 July 2018,9509
29 July 2018,7071
30 July 2018,12974
31 July 2018,13183
1 August 2018,12922
2 August 2018,13012
3 August 2018,12000
4 August 2018,8451
5 August 2018,6016
6 August 2018,11487
7 August 2018,11504
8 August 2018,11580
9 August 2018,10885
10 August 2018,11416
11 August 2018,8416
12 August 2018,5679
13 August 2018,7794
14 August 2018,10951
15 August 2018,11105
16 August 2018,10726
17 August 2018,9500
18 August 2018,8175
19 August 2018,5497
20 August 2018,10283
21 August 2018,10959
22 August 2018,10704
23 August 2018,9686
24 August 2018,8016
25 August 2018,4373
26 August 2018,4828
27 August 2018,9225
28 August 2018,10630
29 August 2018,9356
30 August 2018,9905
31 August 2018,5166
1 September 2018,6746
2 September 2018,4489
3 September 2018,9998
4 September 2018,11211
5 September 2018,11736
6 September 2018,10337
7 September 2018,9998
8 September 2018,8668
9 September 2018,5942
10 September 2018,12294
11 September 2018,13064
12 September 2018,12670
13 September 2018,10855
14 September 2018,11768
15 September 2018,9533
16 September 2018,6815
17 September 2018,12468
18 September 2018,12673
19 September 2018,13266
20 September 2018,13085
21 September 2018,10340
22 September 2018,9735
23 September 2018,4268
24 September 2018,12124
25 September 2018,12716
26 September 2018,12459
27 September 2018,12787
28 September 2018,11934
29 September 2018,8743
30 September 2018,5328
1 October 2018,9897
2 October 2018,11502
3 October 2018,5370
4 October 2018,12378
5 October 2018,12295
6 October 2018,8960
7 October 2018,6457
8 October 2018,12984
9 October 2018,14474
10 October 2018,14497
11 October 2018,14476
12 October 2018,14139
13 October 2018,10968
14 October 2018,7125
15 October 2018,15531
16 October 2018,16357
17 October 2018,15970
18 October 2018,16145
19 October 2018,14003
20 October 2018,9420
21 October 2018,6052
22 October 2018,14474
23 October 2018,14825
24 October 2018,14632
25 October 2018,15522
26 October 2018,13884
27 October 2018,5685
28 October 2018,3824
29 October 2018,11337
30 October 2018,9466
31 October 2018,11824
1 November 2018,5231
2 November 2018,9333
3 November 2018,7717
4 November 2018,5229
5 November 2018,13018
6 November 2018,13488
7 November 2018,14854
8 November 2018,14018
9 November 2018,13223
10 November 2018,8797
11 November 2018,5259
12 November 2018,13730
13 November 2018,11623
14 November 2018,13853
15 November 2018,13333
16 November 2018,12053
17 November 2018,8097
18 November 2018,5472
19 November 2018,11699
20 November 2018,12266
21 November 2018,12662
22 November 2018,12655
23 November 2018,11088
24 November 2018,8315
25 November 2018,6098
26 November 2018,11139
27 November 2018,11151
28 November 2018,12538
29 November 2018,12696
30 November 2018,9204
1 December 2018,7902
2 December 2018,3548
3 December 2018,10128
4 December 2018,10860
5 December 2018,12896
6 December 2018,12745
7 December 2018,11153
8 December 2018,6998
9 December 2018,3756
10 December 2018,10817
11 December 2018,11904
12 December 2018,11876
13 December 2018,11308
14 December 2018,10490
15 December 2018,7086
16 December 2018,4149
17 December 2018,10900
18 December 2018,11910
19 December 2018,10762
20 December 2018,11213
21 December 2018,7384
22 December 2018,5190
23 December 2018,1673
24 December 2018,2209
25 December 2018,962
26 December 2018,1076
27 December 2018,3582
28 December 2018,3903
29 December 2018,3607
30 December 2018,2277
31 December 2018,3152
1 January 2019,1976
2 January 2019,5255
3 January 2019,5645
4 January 2019,5845
5 January 2019,3762
6 January 2019,2815
7 January 2019,9732
8 January 2019,9640
9 January 2019,9195
10 January 2019,9021
11 January 2019,8503
12 January 2019,5331
13 January 2019,2962
14 January 2019,9881
15 January 2019,10906
16 January 2019,11029
17 January 2019,10072
18 January 2019,9923
19 January 2019,6136
20 January 2019,3860
21 January 2019,9629
22 January 2019,9910
23 January 2019,8743
24 January 2019,9241
25 January 2019,8484
26 January 2019,6367
27 January 2019,3855
28 January 2019,8845
29 January 2019,9939
30 January 2019,9586
31 January 2019,9763
1 February 2019,7562
2 February 2019,6383
3 February 2019,3703
4 February 2019,9630
5 February 2019,10001
6 February 2019,10560
7 February 2019,9474
8 February 2019,10064
9 February 2019,6923
10 February 2019,3418
11 February 2019,8492
12 February 2019,9777
13 February 2019,10135
14 February 2019,10135
15 February 2019,9539
16 February 2019,7703
17 February 2019,5068
18 February 2019,10707
19 February 2019,10680
20 February 2019,10956
21 February 2019,11034
22 February 2019,10236
23 February 2019,7998
24 February 2019,5095
25 February 2019,10356
26 February 2019,11136
27 February 2019,11367
28 February 2019,11108
1 March 2019,7172
2 March 2019,6319
3 March 2019,4181
4 March 2019,5691
5 March 2019,7609
6 March 2019,9251
7 March 2019,8498
8 March 2019,8980
9 March 2019,5859
10 March 2019,3232
11 March 2019,7644
12 March 2019,10014
13 March 2019,9610
14 March 2019,7819
15 March 2019,7688
16 March 2019,7426
17 March 2019,4005
18 March 2019,9058
19 March 2019,10073
20 March 2019,10712
21 March 2019,10984
22 March 2019,10710
23 March 2019,8762
24 March 2019,5507
25 March 2019,9686
26 March 2019,10023
27 March 2019,10502
28 March 2019,11201
29 March 2019,11345
30 March 2019,9395
31 March 2019,5793
1 April 2019,11326
2 April 2019,12015
3 April 2019,7721
4 April 2019,6677
5 April 2019,9805
6 April 2019,8884
7 April 2019,2910
8 April 2019,10304
9 April 2019,8737
10 April 2019,8260
11 April 2019,11159
12 April 2019,10872
13 April 2019,7836
14 April 2019,3896
15 April 2019,10500
16 April 2019,10492
17 April 2019,10667
18 April 2019,10898
19 April 2019,5161
20 April 2019,6930
21 April 2019,4026
22 April 2019,4778
23 April 2019,12021
24 April 2019,11235
25 April 2019,12507
26 April 2019,8399
27 April 2019,5885
28 April 2019,4113
29 April 2019,12677
30 April 2019,14565
1 May 2019,11182
2 May 2019,12705
3 May 2019,10135
4 May 2019,5290
5 May 2019,4798
6 May 2019,12794
7 May 2019,14622
8 May 2019,11006
9 May 2019,11360
10 May 2019,12344
11 May 2019,7926
12 May 2019,5492
13 May 2019,13962
14 May 2019,14963
15 May 2019,14766
16 May 2019,14482
17 May 2019,13826
18 May 2019,10502
19 May 2019,6123
20 May 2019,8401
21 May 2019,9770
22 May 2019,15607
23 May 2019,16628
24 May 2019,14992
25 May 2019,10324
26 May 2019,8577
27 May 2019,14384
28 May 2019,11891
29 May 2019,14101
30 May 2019,7870
31 May 2019,12730
1 June 2019,10581
2 June 2019,7330
3 June 2019,14522
4 June 2019,16514
5 June 2019,16288
6 June 2019,11896
7 June 2019,12820
8 June 2019,9441
9 June 2019,4643
10 June 2019,2799
11 June 2019,8331
12 June 2019,9086
13 June 2019,10885
14 June 2019,9432
15 June 2019,7185
16 June 2019,5733
17 June 2019,13271
18 June 2019,14271
19 June 2019,14246
20 June 2019,6512
21 June 2019,11919
22 June 2019,10016
23 June 2019,7168
24 June 2019,15060
25 June 2019,16481
26 June 2019,15525
27 June 2019,15525
28 June 2019,15567
29 June 2019,12009
30 June 2019,10628
1 July 2019,14319
2 July 2019,17005
3 July 2019,17195
4 July 2019,17299
5 July 2019,15488
6 July 2019,11226
7 July 2019,8186
8 July 2019,13692
9 July 2019,16619
10 July 2019,16546
11 July 2019,14747
12 July 2019,12005
13 July 2019,10050
14 July 2019,5553
15 July 2019,15021
16 July 2019,16721
17 July 2019,16698
18 July 2019,16475
19 July 2019,16777
20 July 2019,13229
21 July 2019,9280
22 July 2019,15675
23 July 2019,15877
24 July 2019,15502
25 July 2019,15143
26 July 2019,13901
27 July 2019,9578
28 July 2019,4169
29 July 2019,13717
30 July 2019,14235
31 July 2019,14366
1 August 2019,13969
2 August 2019,12718
3 August 2019,9815
4 August 2019,6586
5 August 2019,12086
6 August 2019,12009
7 August 2019,7650
8 August 2019,12661
9 August 2019,10992
10 August 2019,7950
11 August 2019,4791
12 August 2019,8633
13 August 2019,11160
14 August 2019,11524
15 August 2019,9357
16 August 2019,10712
17 August 2019,7913
18 August 2019,5247
19 August 2019,8567
20 August 2019,6933
21 August 2019,10526
22 August 2019,10487
23 August 2019,9922
24 August 2019,7746
25 August 2019,5298
26 August 2019,9913
27 August 2019,10665
28 August 2019,10410
29 August 2019,10213
30 August 2019,10243
31 August 2019,8508
1 September 2019,5321
2 September 2019,10623
3 September 2019,11535
4 September 2019,11815
5 September 2019,9659
6 September 2019,10173
7 September 2019,7712
8 September 2019,2499
9 September 2019,11114
10 September 2019,12400
11 September 2019,12335
12 September 2019,12648
13 September 2019,11913
14 September 2019,9157
15 September 2019,6057
16 September 2019,12545
17 September 2019,12868
18 September 2019,12333
19 September 2019,11577
20 September 2019,15066
21 September 2019,9665
22 September 2019,5233
23 September 2019,10089
24 September 2019,11141
25 September 2019,10631
26 September 2019,10406
27 September 2019,9585
28 September 2019,9677
29 September 2019,5451
30 September 2019,11607
1 October 2019,11345
2 October 2019,10161
3 October 2019,5803
4 October 2019,7842
5 October 2019,5955
6 October 2019,3580
7 October 2019,11107
8 October 2019,11246
9 October 2019,10011
10 October 2019,10566
11 October 2019,12739
12 October 2019,9583
13 October 2019,6802
14 October 2019,13383
15 October 2019,11205
16 October 2019,13478
17 October 2019,12290
18 October 2019,10671
19 October 2019,5245
20 October 2019,5894
21 October 2019,11715
22 October 2019,13332
23 October 2019,13401
24 October 2019,14012
25 October 2019,14207
26 October 2019,10137
27 October 2019,5968
28 October 2019,9410
29 October 2019,8888
30 October 2019,8616
31 October 2019,9926
1 November 2019,4169
2 November 2019,6324
3 November 2019,3497
4 November 2019,10006
5 November 2019,12022
6 November 2019,11920
7 November 2019,11688
8 November 2019,10080
9 November 2019,8033
10 November 2019,5535
11 November 2019,10741
12 November 2019,11668
13 November 2019,11838
14 November 2019,11825
15 November 2019,11022
16 November 2019,8328
17 November 2019,3494
18 November 2019,9273
19 November 2019,11118
20 November 2019,10623
21 November 2019,11433
22 November 2019,10782
23 November 2019,7275
24 November 2019,4840
25 November 2019,11189
26 November 2019,12048
27 November 2019,11245
28 November 2019,10663
29 November 2019,9778
30 November 2019,7731
1 December 2019,4080
2 December 2019,10512
3 December 2019,11316
4 December 2019,11317
5 December 2019,10490
6 December 2019,10225
7 December 2019,7247
8 December 2019,4918
9 December 2019,9242
10 December 2019,11409
11 December 2019,9542
12 December 2019,10554
13 December 2019,8024
14 December 2019,7151
15 December 2019,4231
16 December 2019,11839
17 December 2019,12703
18 December 2019,12693
19 December 2019,12667
20 December 2019,7723
21 December 2019,6945
22 December 2019,2236
23 December 2019,4819
24 December 2019,1845
25 December 2019,1020
26 December 2019,1211
27 December 2019,3437
28 December 2019,3694
29 December 2019,2199
30 December 2019,4959
31 December 2019,3445
1 January 2020,1904
2 January 2020,4822
3 January 2020,5797
4 January 2020,5416
5 January 2020,3803
6 January 2020,4204
7 January 2020,10680
8 January 2020,11137
9 January 2020,12138
10 January 2020,10891
11 January 2020,8361
12 January 2020,4853
13 January 2020,11142
14 January 2020,11361
15 January 2020,12240
16 January 2020,12442
17 January 2020,9709
18 January 2020,7548
19 January 2020,4391
20 January 2020,11086
21 January 2020,11335
22 January 2020,9645
23 January 2020,9619
24 January 2020,10102
25 January 2020,7594
26 January 2020,4717
27 January 2020,10203
28 January 2020,9224
29 January 2020,9874
30 January 2020,10836
31 January 2020,10610
1 February 2020,7128
2 February 2020,4326
3 February 2020,8236
4 February 2020,10356
5 February 2020,11918
6 February 2020,11420
7 February 2020,10510
8 February 2020,7977
9 February 2020,5035
10 February 2020,7138
11 February 2020,8709
12 February 2020,10372
13 February 2020,9278
14 February 2020,10101
15 February 2020,7951
16 February 2020,5118
17 February 2020,8083
18 February 2020,10647
19 February 2020,9622
20 February 2020,10421
21 February 2020,9351
22 February 2020,7383
23 February 2020,4020
24 February 2020,7999
25 February 2020,7364
26 February 2020,7344
27 February 2020,7024
28 February 2020,8641
29 February 2020,5828
1 March 2020,4301
2 March 2020,8310
3 March 2020,10182
4 March 2020,10450
5 March 2020,7128
6 March 2020,7703
7 March 2020,6848
8 March 2020,5049
9 March 2020,8990
10 March 2020,7037
11 March 2020,10216
12 March 2020,9820
13 March 2020,9567
14 March 2020,6267
15 March 2020,4106
16 March 2020,8823
17 March 2020,7303
18 March 2020,6748
19 March 2020,6078
20 March 2020,5768
21 March 2020,2086
22 March 2020,1910
23 March 2020,4394
24 March 2020,4428
25 March 2020,4502
26 March 2020,4188
27 March 2020,4579
28 March 2020,3720
29 March 2020,1104
30 March 2020,4073
31 March 2020,4780
1 April 2020,5238
2 April 2020,5157
3 April 2020,5088
4 April 2020,4185
5 April 2020,3332
6 April 2020,5701
7 April 2020,5862
8 April 2020,6380
9 April 2020,6067
10 April 2020,3546
11 April 2020,4835
12 April 2020,3260
13 April 2020,3180
14 April 2020,5490
15 April 2020,5997
16 April 2020,6354
17 April 2020,6452
18 April 2020,5042
19 April 2020,3996
20 April 2020,7535
21 April 2020,6894
22 April 2020,8099
23 April 2020,8303
24 April 2020,8073
25 April 2020,6506
26 April 2020,3993
27 April 2020,8460
28 April 2020,6909
29 April 2020,6690
30 April 2020,6323
1 May 2020,3333
2 May 2020,4301
3 May 2020,4207
4 May 2020,8598
5 May 2020,6702
6 May 2020,9407
7 May 2020,9791
8 May 2020,9558
9 May 2020,7695
10 May 2020,4498
11 May 2020,4850
12 May 2020,9015
13 May 2020,6067
14 May 2020,7771
15 May 2020,9685
16 May 2020,8039
17 May 2020,5302
18 May 2020,10503
19 May 2020,11065
20 May 2020,11880
21 May 2020,6497
22 May 2020,10262
23 May 2020,3870
24 May 2020,5113
25 May 2020,11228
26 May 2020,12183
27 May 2020,12288
28 May 2020,11995
29 May 2020,12206
30 May 2020,9288
31 May 2020,5891
1 June 2020,6252
2 June 2020,11739
3 June 2020,10751
4 June 2020,8134
5 June 2020,6803
6 June 2020,6097
7 June 2020,4573
8 June 2020,9478
9 June 2020,7971
10 June 2020,9192
11 June 2020,6243
12 June 2020,11375
13 June 2020,7908
14 June 2020,3913
15 June 2020,11800
16 June 2020,12278
17 June 2020,8326
18 June 2020,13056
19 June 2020,12212
20 June 2020,9876
21 June 2020,7083
22 June 2020,12950
23 June 2020,13622
24 June 2020,13854
25 June 2020,13478
26 June 2020,11009
27 June 2020,9887
28 June 2020,5944
29 June 2020,11167
30 June 2020,14138
1 July 2020,14476
2 July 2020,12326
3 July 2020,13813
4 July 2020,10380
5 July 2020,7245
6 July 2020,11774
7 July 2020,14173
8 July 2020,14386
9 July 2020,14422
10 July 2020,13950
11 July 2020,10646
12 July 2020,6742
13 July 2020,13685
14 July 2020,14097
15 July 2020,10447
16 July 2020,10912
17 July 2020,12323
18 July 2020,10371
19 July 2020,6742
20 July 2020,13530
21 July 2020,14173
22 July 2020,14313
23 July 2020,14544
24 July 2020,13665
25 July 2020,10588
26 July 2020,5986
27 July 2020,12764
28 July 2020,13872
29 July 2020,14588
30 July 2020,14039
31 July 2020,12840
1 August 2020,8965
2 August 2020,4116
3 August 2020,9565
4 August 2020,11296
5 August 2020,12909
6 August 2020,12609
7 August 2020,11776
8 August 2020,8596
9 August 2020,5681
10 August 2020,10071
11 August 2020,10881
12 August 2020,10523
13 August 2020,10522
14 August 2020,10115
15 August 2020,8288
16 August 2020,5426
17 August 2020,9579
18 August 2020,10177
19 August 2020,10858
20 August 2020,10141
21 August 2020,9421
22 August 2020,7715
23 August 2020,5303
24 August 2020,9375
25 August 2020,9936
26 August 2020,9685
27 August 2020,10073
28 August 2020,6465
29 August 2020,7248
30 August 2020,1862
31 August 2020,8962
1 September 2020,9467
2 September 2020,10820
3 September 2020,10911
4 September 2020,10818
5 September 2020,8851
6 September 2020,5452
7 September 2020,11256
8 September 2020,11881
9 September 2020,12440
10 September 2020,12089
11 September 2020,12603
12 September 2020,9671
13 September 2020,6305
14 September 2020,12652
15 September 2020,13527
16 September 2020,12820
17 September 2020,13031
18 September 2020,12891
19 September 2020,10578
20 September 2020,7738
21 September 2020,12722
22 September 2020,13030
23 September 2020,13113
24 September 2020,11438
25 September 2020,9960
26 September 2020,4002
27 September 2020,3833
28 September 2020,11325
29 September 2020,11420
30 September 2020,13403
1 October 2020,11073
2 October 2020,11741
3 October 2020,6020
4 October 2020,4753
5 October 2020,10078
6 October 2020,9940
7 October 2020,10625
8 October 2020,12072
9 October 2020,12243
10 October 2020,6919
11 October 2020,4043
12 October 2020,10245
13 October 2020,11936
14 October 2020,14023
15 October 2020,10328
16 October 2020,10060
17 October 2020,7971
18 October 2020,5024
19 October 2020,11044
20 October 2020,11437
21 October 2020,11866
22 October 2020,10866
23 October 2020,8061
24 October 2020,7552
25 October 2020,5059
26 October 2020,6679
27 October 2020,9222
28 October 2020,9593
29 October 2020,8709
30 October 2020,10225
31 October 2020,8158
1 November 2020,2995
2 November 2020,9483
3 November 2020,7589
4 November 2020,8844
5 November 2020,9296
6 November 2020,9011
7 November 2020,6646
8 November 2020,3625
9 November 2020,8292
10 November 2020,9600
11 November 2020,9458
12 November 2020,9459
13 November 2020,9966
14 November 2020,7556
15 November 2020,4447
16 November 2020,8649
17 November 2020,9649
18 November 2020,10245
19 November 2020,8184
20 November 2020,9315
21 November 2020,6179
22 November 2020,3544
23 November 2020,8964
24 November 2020,9314
25 November 2020,9532
26 November 2020,9572
27 November 2020,9580
28 November 2020,5247
29 November 2020,3085
30 November 2020,8858
1 December 2020,6588
2 December 2020,8551
3 December 2020,9188
4 December 2020,7669
5 December 2020,5593
6 December 2020,2619
7 December 2020,8449
8 December 2020,8918
9 December 2020,7615
10 December 2020,8869
11 December 2020,8747
12 December 2020,5257
13 December 2020,2703
14 December 2020,10012
15 December 2020,8072
16 December 2020,6707
17 December 2020,6503
18 December 2020,6622
19 December 2020,4064
20 December 2020,2147
21 December 2020,4979
22 December 2020,4991
23 December 2020,4659
24 December 2020,1454
25 December 2020,883
26 December 2020,1215
27 December 2020,1237
28 December 2020,2383
29 December 2020,2985
30 December 2020,3417
31 December 2020,2432
1 January 2021,1267
2 January 2021,2350
3 January 2021,1507
4 January 2021,3947
5 January 2021,4257
6 January 2021,1504
7 January 2021,4129
8 January 2021,4563
9 January 2021,3393
10 January 2021,2192
11 January 2021,5810
12 January 2021,4424
13 January 2021,5565
14 January 2021,3305
15 January 2021,2638
16 January 2021,1323
17 January 2021,900
18 January 2021,4281
19 January 2021,4681
20 January 2021,5579
21 January 2021,5574
22 January 2021,5315
23 January 2021,3364
24 January 2021,2510
25 January 2021,4948
26 January 2021,5483
27 January 2021,4623
28 January 2021,4876
29 January 2021,5537
30 January 2021,3403
31 January 2021,2714
1 February 2021,5372
2 February 2021,6686
3 February 2021,6211
4 February 2021,8508
5 February 2021,7461
6 February 2021,4886
7 February 2021,2388
8 February 2021,5367
9 February 2021,5780
10 February 2021,2595
11 February 2021,2724
12 February 2021,3162
13 February 2021,2114
14 February 2021,1521
15 February 2021,3749
16 February 2021,6030
17 February 2021,6668
18 February 2021,6990
19 February 2021,7995
20 February 2021,5812
21 February 2021,4619
22 February 2021,7819
23 February 2021,8373
24 February 2021,8880
25 February 2021,9009
26 February 2021,7936
27 February 2021,5811
28 February 2021,4245
1 March 2021,7910
2 March 2021,8727
3 March 2021,8518
4 March 2021,7523
5 March 2021,6764
6 March 2021,5957
7 March 2021,4055
8 March 2021,8581
9 March 2021,8075
10 March 2021,8642
11 March 2021,6651
12 March 2021,7696
13 March 2021,3647
14 March 2021,2243
15 March 2021,6055
16 March 2021,7528
17 March 2021,6420
18 March 2021,8077
19 March 2021,6995
20 March 2021,5244
21 March 2021,2824
22 March 2021,7807
23 March 2021,8712
24 March 2021,9693
25 March 2021,9484
26 March 2021,9741
27 March 2021,6040
28 March 2021,4741
29 March 2021,9345
30 March 2021,10074
31 March 2021,10322
1 April 2021,9601
2 April 2021,4266
3 April 2021,5042
4 April 2021,2996
5 April 2021,2152
6 April 2021,5758
7 April 2021,5702
8 April 2021,7554
9 April 2021,8178
10 April 2021,6222
11 April 2021,3960
12 April 2021,6706
13 April 2021,8212
14 April 2021,8786
15 April 2021,8860
16 April 2021,9268
17 April 2021,6562
18 April 2021,3681
19 April 2021,8325
20 April 2021,10257
21 April 2021,10566
22 April 2021,10732
23 April 2021,10962
24 April 2021,8092
25 April 2021,5559
26 April 2021,10684
27 April 2021,11229
28 April 2021,10461
29 April 2021,9725
30 April 2021,7192
1 May 2021,2949
2 May 2021,3428
3 May 2021,10969
4 May 2021,8358
5 May 2021,8408
6 May 2021,6931
7 May 2021,9768
8 May 2021,8778
9 May 2021,6420
10 May 2021,8446
11 May 2021,7611
12 May 2021,10631
13 May 2021,4734
14 May 2021,9665
15 May 2021,6175
16 May 2021,3688
17 May 2021,8226
18 May 2021,9143
19 May 2021,10088
20 May 2021,9913
21 May 2021,7535
22 May 2021,8298
23 May 2021,4827
24 May 2021,4280
25 May 2021,8743
26 May 2021,7219
27 May 2021,8919
28 May 2021,10081
29 May 2021,8885
30 May 2021,6278
31 May 2021,13271
1 June 2021,14271
2 June 2021,14246
3 June 2021,11896
4 June 2021,12820
5 June 2021,9441
6 June 2021,4643
7 June 2021,2799
8 June 2021,8331
9 June 2021,9086
10 June 2021,10885
11 June 2021,9432
12 June 2021,7185
13 June 2021,5733
14 June 2021,13271
15 June 2021,14271
16 June 2021,14246
17 June 2021,13875
18 June 2021,13744
19 June 2021,10642
20 June 2021,6301
21 June 2021,12057
22 June 2021,11385
23 June 2021,12963
24 June 2021,12590
25 June 2021,12900
26 June 2021,10812
27 June 2021,6885
28 June 2021,11480
29 June 2021,11731
30 June 2021,10253
1 July 2021,12428
2 July 2021,14127
3 July 2021,10351
4 July 2021,6116
5 July 2021,11286
6 July 2021,10633
7 July 2021,13729
8 July 2021,12004
9 July 2021,13998
10 July 2021,10412
11 July 2021,7569
12 July 2021,12771
13 July 2021,9141
14 July 2021,12109
15 July 2021,12287
16 July 2021,13918
17 July 2021,14653
18 July 2021,8446
19 July 2021,14520
20 July 2021,14745
21 July 2021,15197
22 July 2021,14577
23 July 2021,14368
24 July 2021,9567
25 July 2021,6483
26 July 2021,13462
27 July 2021,13927
28 July 2021,13841
29 July 2021,14133
30 July 2021,12546
31 July 2021,9857
1 August 2021,4007
2 August 2021,10930
3 August 2021,8353
4 August 2021,10133
5 August 2021,10696
6 August 2021,11175
7 August 2021,5173
8 August 2021,5907
9 August 2021,10767
10 August 2021,11310
11 August 2021,11537
12 August 2021,11253
13 August 2021,10944
14 August 2021,8529
15 August 2021,5369
16 August 2021,8891
17 August 2021,9810
18 August 2021,9512
19 August 2021,9473
20 August 2021,9936
21 August 2021,8024
22 August 2021,3770
23 August 2021,8746
24 August 2021,9859
25 August 2021,9839
26 August 2021,8794
27 August 2021,8276
28 August 2021,5329
29 August 2021,2648
30 August 2021,6541
31 August 2021,8966
1 September 2021,10497
2 September 2021,10697
3 September 2021,10407
4 September 2021,8571
5 September 2021,5533
6 September 2021,10463
7 September 2021,11317
8 September 2021,11934
9 September 2021,11236
10 September 2021,10941
11 September 2021,9135
12 September 2021,6077
13 September 2021,12159
14 September 2021,12227
15 September 2021,9489
16 September 2021,9897
17 September 2021,11997
18 September 2021,10688
19 September 2021,3243
20 September 2021,9676
21 September 2021,12024
22 September 2021,12252
23 September 2021,12431
24 September 2021,13622
25 September 2021,10758
26 September 2021,5427
27 September 2021,11907
28 September 2021,12684
29 September 2021,11303
30 September 2021,12700
1 October 2021,12430
2 October 2021,10356
3 October 2021,5003
4 October 2021,7853
5 October 2021,10335
6 October 2021,11009
7 October 2021,12153
8 October 2021,12569
9 October 2021,9536
10 October 2021,5953
11 October 2021,11612
12 October 2021,11312
13 October 2021,12559
14 October 2021,12753
15 October 2021,12821
16 October 2021,10649
17 October 2021,5519
18 October 2021,12648
19 October 2021,13546
20 October 2021,13962
21 October 2021,11865
22 October 2021,12703
23 October 2021,9643
24 October 2021,6274
25 October 2021,12584
26 October 2021,13085
27 October 2021,13124
28 October 2021,13479
29 October 2021,12389
30 October 2021,7260
31 October 2021,5396
1 November 2021,4385
2 November 2021,8938
3 November 2021,9053
4 November 2021,8962
5 November 2021,9071
6 November 2021,7830
7 November 2021,4382
8 November 2021,11384
9 November 2021,11988
10 November 2021,11901
11 November 2021,11368
12 November 2021,10502
13 November 2021,7239
14 November 2021,4645
15 November 2021,11304
16 November 2021,11751
17 November 2021,11501
18 November 2021,12123
19 November 2021,11140
20 November 2021,7704
21 November 2021,4959
22 November 2021,10040
23 November 2021,11497
24 November 2021,11185
25 November 2021,10598
26 November 2021,9523
27 November 2021,6579
28 November 2021,3391
29 November 2021,8948
30 November 2021,8831
1 December 2021,9440
2 December 2021,8913
3 December 2021,9447
4 December 2021,5720
5 December 2021,3509
6 December 2021,9514
7 December 2021,6715
8 December 2021,9960
9 December 2021,10004
10 December 2021,8179
11 December 2021,6372
12 December 2021,3856
13 December 2021,10355
14 December 2021,10477
15 December 2021,10556
16 December 2021,10736
17 December 2021,10322
18 December 2021,7098
19 December 2021,3569
20 December 2021,10292
21 December 2021,8747
22 December 2021,8161
23 December 2021,6415
24 December 2021,1644
25 December 2021,1195
26 December 2021,1108
27 December 2021,3652
28 December 2021,3852
29 December 2021,3854
30 December 2021,5696
31 December 2021,4289
1 January 2022,2616
2 January 2022,2732
3 January 2022,6452
4 January 2022,5116
5 January 2022,6766
6 January 2022,2994
7 January 2022,6156
8 January 2022,5650
9 January 2022,3147
10 January 2022,9214
11 January 2022,9110
12 January 2022,9261
13 January 2022,9197
14 January 2022,9022
15 January 2022,5968
16 January 2022,3528
17 January 2022,9081
18 January 2022,10006
19 January 2022,9825
20 January 2022,8888
21 January 2022,9159
22 January 2022,7108
23 January 2022,4105
24 January 2022,9314
25 January 2022,9809
26 January 2022,8827
27 January 2022,9039
28 January 2022,9004
29 January 2022,6920
30 January 2022,3979
31 January 2022,7388
1 February 2022,8340
2 February 2022,8590
3 February 2022,9791
4 February 2022,9538
5 February 2022,8118
6 February 2022,3369
7 February 2022,9351
8 February 2022,10406
9 February 2022,11312
10 February 2022,10445
11 February 2022,10007
12 February 2022,8191
13 February 2022,5258
14 February 2022,8935
15 February 2022,9044
16 February 2022,8490
17 February 2022,9306
18 February 2022,10084
19 February 2022,8304
20 February 2022,4144
21 February 2022,8528
22 February 2022,9351
23 February 2022,11271
24 February 2022,10705
25 February 2022,9199
26 February 2022,8093
27 February 2022,5092
28 February 2022,8650
1 March 2022,9303
2 March 2022,9291
3 March 2022,10875
4 March 2022,9513
5 March 2022,8038
6 March 2022,4888
7 March 2022,10263
8 March 2022,11446
9 March 2022,11252
10 March 2022,11844
11 March 2022,11131
12 March 2022,8988
13 March 2022,6249
14 March 2022,11122
15 March 2022,10171
16 March 2022,10967
17 March 2022,10951
18 March 2022,10453
19 March 2022,8967
20 March 2022,5915
21 March 2022,11134
22 March 2022,12197
23 March 2022,12338
24 March 2022,12381
25 March 2022,12749
26 March 2022,9711
27 March 2022,6415
28 March 2022,12289
29 March 2022,11902
30 March 2022,10247
31 March 2022,8547
1 April 2022,6427
2 April 2022,5122
3 April 2022,3257
4 April 2022,10561
5 April 2022,10499
6 April 2022,11688
7 April 2022,8970
8 April 2022,7400
9 April 2022,7431
10 April 2022,5679
11 April 2022,12227
12 April 2022,13318
13 April 2022,13449
14 April 2022,12135
15 April 2022,5677
16 April 2022,8165
17 April 2022,4066
18 April 2022,4788
19 April 2022,10356
20 April 2022,10998
21 April 2022,11312
22 April 2022,11834
23 April 2022,9656
24 April 2022,3921
25 April 2022,9877
26 April 2022,13106
27 April 2022,15597
28 April 2022,16281
29 April 2022,14259
30 April 2022,10833
1 May 2022,9148
2 May 2022,15164
3 May 2022,16506
4 May 2022,16336
5 May 2022,11372
6 May 2022,13130
7 May 2022,13800
8 May 2022,6995
9 May 2022,15616
10 May 2022,17332
11 May 2022,17850
12 May 2022,15592
13 May 2022,12768
14 May 2022,13049
15 May 2022,8350
16 May 2022,13638
17 May 2022,17224
18 May 2022,17788
19 May 2022,17324
20 May 2022,15221
21 May 2022,12713
22 May 2022,9152
23 May 2022,12740
24 May 2022,15290
25 May 2022,17097
26 May 2022,8374
27 May 2022,12533
28 May 2022,10657
29 May 2022,7336
30 May 2022,15502
31 May 2022,16513
1 June 2022,16179
2 June 2022,15074
3 June 2022,13053
4 June 2022,9512
5 June 2022,4816
6 June 2022,5332
7 June 2022,8366
8 June 2022,8657
9 June 2022,8366
10 June 2022,10346
11 June 2022,8529
12 June 2022,6157
13 June 2022,12120
14 June 2022,13337
15 June 2022,13190
16 June 2022,7708
17 June 2022,10903
18 June 2022,8992
19 June 2022,6648
20 June 2022,14051
21 June 2022,15398
22 June 2022,12941
23 June 2022,15110
24 June 2022,12131
25 June 2022,12852
26 June 2022,9979
27 June 2022,12225
28 June 2022,14728
29 June 2022,15461
30 June 2022,13672
1 July 2022,11999
2 July 2022,11608
3 July 2022,8224
4 July 2022,14716
5 July 2022,16390
6 July 2022,16300
7 July 2022,15402
8 July 2022,15280
9 July 2022,12033
10 July 2022,9124
11 July 2022,15339
12 July 2022,16667
13 July 2022,16160
14 July 2022,15878
15 July 2022,15046
16 July 2022,11495
17 July 2022,8084
18 July 2022,14865
19 July 2022,15397
20 July 2022,13981
21 July 2022,15436
22 July 2022,15422
23 July 2022,12342
24 July 2022,8909
25 July 2022,14676
26 July 2022,16186
27 July 2022,16354
28 July 2022,15215
29 July 2022,13681
30 July 2022,10567
31 July 2022,7017
1 August 2022,11994
2 August 2022,13637
3 August 2022,13469
4 August 2022,12494
5 August 2022,11866
6 August 2022,9546
7 August 2022,6240
8 August 2022,11387
9 August 2022,11765
10 August 2022,11894
11 August 2022,11574
12 August 2022,11489
13 August 2022,8073
14 August 2022,5107
15 August 2022,9205
16 August 2022,10910
17 August 2022,8336
18 August 2022,7933
19 August 2022,8498
20 August 2022,6285
21 August 2022,5176
22 August 2022,9323
23 August 2022,10186
24 August 2022,10071
25 August 2022,9648
26 August 2022,9465
27 August 2022,6321
28 August 2022,5068
29 August 2022,9689
30 August 2022,10046
31 August 2022,9569
1 September 2022,11211
2 September 2022,10436
3 September 2022,7208
4 September 2022,6161
5 September 2022,11442
6 September 2022,11467
7 September 2022,11849
8 September 2022,12178
9 September 2022,10932
10 September 2022,7254
11 September 2022,7456
12 September 2022,12960
13 September 2022,13008
14 September 2022,11119
15 September 2022,9676
16 September 2022,9816
17 September 2022,7714
18 September 2022,5101
19 September 2022,12008
20 September 2022,12558
21 September 2022,12821
22 September 2022,12508
23 September 2022,12839
24 September 2022,8613
25 September 2022,5026
26 September 2022,10364
27 September 2022,9249
28 September 2022,8514
29 September 2022,10088
30 September 2022,10650
1 October 2022,6324
2 October 2022,3377
3 October 2022,5047
4 October 2022,12043
5 October 2022,13030
6 October 2022,13473
7 October 2022,12385
8 October 2022,9390
9 October 2022,6246
10 October 2022,12435
11 October 2022,12235
12 October 2022,13540
13 October 2022,12486
14 October 2022,10497
15 October 2022,7615
16 October 2022,6666
17 October 2022,13788
18 October 2022,14475
19 October 2022,14238
20 October 2022,13221
21 October 2022,8132
22 October 2022,10737
23 October 2022,6306
24 October 2022,10670
25 October 2022,14127
26 October 2022,14323
27 October 2022,15075
28 October 2022,13219
29 October 2022,10031
30 October 2022,6606
31 October 2022,12000
1 November 2022,6693
2 November 2022,12737
3 November 2022,11828
4 November 2022,10718
5 November 2022,8401
6 November 2022,6160
7 November 2022,12815
8 November 2022,14078
9 November 2022,10988
10 November 2022,13733
11 November 2022,12282
12 November 2022,8388
13 November 2022,5603
14 November 2022,11246
15 November 2022,12670
16 November 2022,13291
17 November 2022,11630
18 November 2022,11242
19 November 2022,7811
20 November 2022,4900
21 November 2022,11583
22 November 2022,12384
23 November 2022,12091
24 November 2022,12311
25 November 2022,10747
26 November 2022,8545
27 November 2022,5139
28 November 2022,10395
29 November 2022,12107
30 November 2022,12402
1 December 2022,12395
2 December 2022,10701
3 December 2022,7822
4 December 2022,3564
5 December 2022,11513
6 December 2022,12325
7 December 2022,12328
8 December 2022,11664
9 December 2022,9342
10 December 2022,4283
11 December 2022,2601
12 December 2022,7336
13 December 2022,8192
14 December 2022,3644
15 December 2022,4738
16 December 2022,5224
17 December 2022,4037
18 December 2022,2437
19 December 2022,8750
20 December 2022,11084
21 December 2022,9836
22 December 2022,8080
23 December 2022,5085
24 December 2022,2579
25 December 2022,1540
26 December 2022,1053
27 December 2022,4274
28 December 2022,4890
29 December 2022,4757
30 December 2022,5061
31 December 2022,4672
1 January 2023,2966
2 January 2023,5582
3 January 2023,7387
4 January 2023,6354
5 January 2023,7527
6 January 2023,4809
7 January 2023,7792
8 January 2023,3471
9 January 2023,9545
10 January 2023,11680
11 January 2023,10661
12 January 2023,11429
13 January 2023,10130
14 January 2023,8120
15 January 2023,4106
16 January 2023,9641
17 January 2023,10897
18 January 2023,9366
19 January 2023,10659
20 January 2023,9973
21 January 2023,6679
22 January 2023,3634
23 January 2023,10152
24 January 2023,11232
25 January 2023,12026
26 January 2023,10374
27 January 2023,10016
28 January 2023,7931
29 January 2023,4508
30 January 2023,9763
31 January 2023,11045
1 February 2023,11097
2 February 2023,10845
3 February 2023,10444
4 February 2023,7301
5 February 2023,3602
6 February 2023,10095
7 February 2023,11134
8 February 2023,11082
9 February 2023,11210
10 February 2023,10576
11 February 2023,8787
12 February 2023,5278
13 February 2023,10498
14 February 2023,10850
15 February 2023,10857
16 February 2023,10861
17 February 2023,10052
18 February 2023,7283
19 February 2023,4647
20 February 2023,9308
21 February 2023,10244
22 February 2023,10114
23 February 2023,9902
24 February 2023,8896
25 February 2023,6836
26 February 2023,4797
27 February 2023,9229
28 February 2023,10198
1 March 2023,10239
2 March 2023,10255
3 March 2023,14045
4 March 2023,7612
5 March 2023,4374
6 March 2023,9674
7 March 2023,10756
8 March 2023,10341
9 March 2023,10399
10 March 2023,7885
11 March 2023,7520
12 March 2023,5330
13 March 2023,10416
14 March 2023,9781
15 March 2023,11316
16 March 2023,12847
17 March 2023,11264
18 March 2023,8756
19 March 2023,4438
20 March 2023,10849
21 March 2023,12292
22 March 2023,13011
23 March 2023,14196
24 March 2023,9215
25 March 2023,7962
26 March 2023,3659
27 March 2023,12905
28 March 2023,12364
29 March 2023,12160
30 March 2023,10407
31 March 2023,9352
1 April 2023,7518
2 April 2023,4190
3 April 2023,9942
4 April 2023,11142
5 April 2023,10926
6 April 2023,10134
7 April 2023,3405
8 April 2023,6518
9 April 2023,3430
10 April 2023,3889
11 April 2023,8524
12 April 2023,7785
13 April 2023,9375
14 April 2023,10774
15 April 2023,8479
16 April 2023,3916
17 April 2023,12397
18 April 2023,14173
19 April 2023,13845
20 April 2023,13821
21 April 2023,13601
22 April 2023,10742
23 April 2023,7547
24 April 2023,12905
25 April 2023,11178
26 April 2023,14430
27 April 2023,15634
28 April 2023,10130
29 April 2023,10361
30 April 2023,7660
1 May 2023,8189
2 May 2023,16475
3 May 2023,16247
4 May 2023,16914
5 May 2023,12407
6 May 2023,13294
7 May 2023,5884
8 May 2023,12547
9 May 2023,12680
10 May 2023,13256
11 May 2023,13220
12 May 2023,12281
13 May 2023,9040
14 May 2023,5647
15 May 2023,13414
16 May 2023,10337
17 May 2023,15193
18 May 2023,6843
19 May 2023,12310
20 May 2023,9165
21 May 2023,6347
22 May 2023,14041
23 May 2023,15154
24 May 2023,15375
25 May 2023,15957
26 May 2023,14047
27 May 2023,9900
28 May 2023,5693
29 May 2023,5728
30 May 2023,10718
31 May 2023,11390
1 June 2023,10751
2 June 2023,10295
3 June 2023,8949
4 June 2023,6010
5 June 2023,11670
6 June 2023,13101
7 June 2023,13520
8 June 2023,7368
9 June 2023,11020
10 June 2023,8925
11 June 2023,7166
12 June 2023,15259
13 June 2023,17617
14 June 2023,16897
15 June 2023,16407
16 June 2023,15417
17 June 2023,13253
18 June 2023,7943
19 June 2023,14911
20 June 2023,16264
21 June 2023,15578
22 June 2023,14453
23 June 2023,16371
24 June 2023,13071
25 June 2023,9798
26 June 2023,15342
27 June 2023,16814
28 June 2023,16484
29 June 2023,16446
30 June 2023,10071
1 July 2023,9968
2 July 2023,7580
3 July 2023,15432
4 July 2023,16348
5 July 2023,15085
6 July 2023,17358
7 July 2023,15864
8 July 2023,10954
9 July 2023,8246
10 July 2023,15312
11 July 2023,16022
12 July 2023,16247
13 July 2023,16826
14 July 2023,15567
15 July 2023,10358
16 July 2023,8130
17 July 2023,15667
18 July 2023,15709
19 July 2023,17000
20 July 2023,16728
21 July 2023,15330
22 July 2023,12858
23 July 2023,8764
24 July 2023,10770
25 July 2023,11498
26 July 2023,14026
27 July 2023,14187
28 July 2023,11361
29 July 2023,8537
30 July 2023,6790
31 July 2023,12682
1 August 2023,11765
2 August 2023,11894
3 August 2023,11574
4 August 2023,11489
5 August 2023,8073
6 August 2023,5107
7 August 2023,9205
8 August 2023,10910
9 August 2023,11765
10 August 2023,11894
11 August 2023,11574
12 August 2023,7208
13 August 2023,6161
14 August 2023,11442
15 August 2023,11467
16 August 2023,11849
17 August 2023,12178
18 August 2023,10932
19 August 2023,7254
20 August 2023,7456
21 August 2023,11387
22 August 2023,11765
23 August 2023,11894
24 August 2023,11574
25 August 2023,11489
26 August 2023,8073
27 August 2023,5107
28 August 2023,9205
29 August 2023,10910
30 August 2023,9703
31 August 2023,9538
1 September 2023,9584
2 September 2023,8032
3 September 2023,5163
4 September 2023,10691
5 September 2023,11463
6 September 2023,11870
7 September 2023,12138
8 September 2023,11426
9 September 2023,8982
10 September 2023,6067
11 September 2023,12415
12 September 2023,13183
13 September 2023,10997
14 September 2023,12293
15 September 2023,13204
16 September 2023,10057
17 September 2023,6542
18 September 2023,9111
19 September 2023,12515
20 September 2023,12852
21 September 2023,11444
22 September 2023,9512
23 September 2023,9659
24 September 2023,6024
25 September 2023,11754
26 September 2023,12917
27 September 2023,13017
28 September 2023,13041
29 September 2023,12644
30 September 2023,8997
1 October 2023,6660
2 October 2023,10665
3 October 2023,5393
4 October 2023,13196
5 October 2023,13905
6 October 2023,12506
7 October 2023,9530
8 October 2023,6401
9 October 2023,13278
10 October 2023,14584
11 October 2023,15292
12 October 2023,14753
13 October 2023,14438
14 October 2023,6535
15 October 2023,5544
16 October 2023,13285
17 October 2023,13222
18 October 2023,11772
19 October 2023,11526
20 October 2023,10167
21 October 2023,10674
22 October 2023,6586
23 October 2023,12677
24 October 2023,9833
25 October 2023,11325
26 October 2023,9911
27 October 2023,10429
28 October 2023,7578
29 October 2023,5122
30 October 2023,9695
31 October 2023,10497
1 November 2023,7024
2 November 2023,7946
3 November 2023,9637
4 November 2023,6935
5 November 2023,3733
6 November 2023,11162
7 November 2023,11821
8 November 2023,13015
9 November 2023,11750
10 November 2023,10607
11 November 2023,7001
12 November 2023,3339
13 November 2023,9593
14 November 2023,11463
15 November 2023,13516
16 November 2023,11689
17 November 2023,9498
18 November 2023,7969
19 November 2023,5506
20 November 2023,13034
21 November 2023,11557
22 November 2023,12007
23 November 2023,11830
24 November 2023,9823
25 November 2023,7393
26 November 2023,3843
27 November 2023,9176
28 November 2023,9994
29 November 2023,11556
30 November 2023,9476
1 December 2023,7634
2 December 2023,3729
3 December 2023,2739
4 December 2023,7941
5 December 2023,9778
6 December 2023,10170
7 December 2023,10442
8 December 2023,8793
9 December 2023,6031
10 December 2023,4295
11 December 2023,10849
12 December 2023,10071
13 December 2023,11684
14 December 2023,11284
15 December 2023,11969
16 December 2023,8250
17 December 2023,5331
18 December 2023,11108
19 December 2023,11931
20 December 2023,11208
21 December 2023,9213
22 December 2023,7054
23 December 2023,4486
24 December 2023,1223
25 December 2023,1254
26 December 2023,1526
27 December 2023,4092
28 December 2023,3951
29 December 2023,4826
30 December 2023,4787
31 December 2023,1994
1 January 2024,2350
2 January 2024,4423
3 January 2024,5171
4 January 2024,6431
5 January 2024,6498
6 January 2024,4088
7 January 2024,3227
8 January 2024,10027
9 January 2024,9852
10 January 2024,7455
11 January 2024,8316
12 January 2024,7955
13 January 2024,5287
14 January 2024,2929
15 January 2024,8726
16 January 2024,9578
17 January 2024,6375
18 January 2024,7278
19 January 2024,7984
20 January 2024,5998
21 January 2024,6039
22 January 2024,8493
23 January 2024,10302
24 January 2024,9389
25 January 2024,9857
26 January 2024,9107
27 January 2024,7879
28 January 2024,4899
29 January 2024,10660
30 January 2024,11388
31 January 2024,12116
1 February 2024,9909
2 February 2024,14778
3 February 2024,12518
4 February 2024,5778
5 February 2024,11601
6 February 2024,11632
7 February 2024,10594
8 February 2024,9939
9 February 2024,9494
10 February 2024,6884
11 February 2024,4470
12 February 2024,8185
13 February 2024,10058
14 February 2024,10043
15 February 2024,10181
16 February 2024,9608
17 February 2024,7054
18 February 2024,5706
19 February 2024,10153
20 February 2024,11167
21 February 2024,11580
22 February 2024,9494
23 February 2024,10731
24 February 2024,7539
25 February 2024,5103
26 February 2024,10352
27 February 2024,11260
28 February 2024,11575
29 February 2024,15053
1 March 2024,15490
2 March 2024,9025
3 March 2024,5291
4 March 2024,10691
5 March 2024,10860
